overall,Predicted overall
66,65.68619
61,60.884888
63,63.125603
62,61.99557
64,62.728134
62,62.073948
67,66.10399
67,66.63647
71,70.629234
63,62.414883
68,68.03342
60,59.42137
56,55.391388
69,68.598305
62,62.453766
68,67.61253
64,62.235344
61,61.260994
64,68.82544
82,82.18967
67,66.60218
72,70.46592
64,63.218575
71,71.44691
67,67.977646
61,60.96502
51,50.697495
59,57.78388
70,69.82459
50,49.372147
61,60.558346
66,65.857155
72,71.01131
60,59.304543
57,57.115993
70,69.48095
59,59.153816
72,71.00697
65,64.930565
74,74.4308
68,67.879005
67,66.497505
72,71.49423
65,63.955387
64,63.153633
62,61.886703
74,73.52068
62,62.706535
54,53.943424
70,69.3665
64,63.44695
70,69.035866
64,63.62157
71,70.23016
78,77.622536
82,82.60159
73,73.488594
69,68.557175
69,68.62093
66,65.48704
52,52.14871
70,70.04902
73,72.299774
50,48.967094
48,48.99488
70,69.33968
54,54.44704
60,59.472942
67,66.81702
53,54.44674
66,65.64584
48,49.1489
67,67.012245
81,80.04513
57,56.47659
71,69.06952
59,58.32036
72,71.8275
68,68.91869
63,62.403828
72,71.89332
67,66.33242
75,74.75225
57,57.47843
70,69.31194
62,61.437668
74,73.148735
60,59.53521
67,66.39808
76,75.596016
67,66.403206
57,56.999172
74,73.21849
63,63.26243
72,70.94113
64,62.475033
61,59.931705
72,71.969
61,62.28582
51,50.625946
70,69.83887
54,53.91246
66,65.17741
73,72.48426
64,63.149975
66,65.66218
51,49.13896
65,64.922714
62,62.003334
67,66.75203
63,62.63928
64,63.83537
69,68.442444
74,73.224205
69,68.95055
65,64.873245
66,65.86628
53,52.639893
64,63.59457
64,63.774258
69,68.94959
61,60.62972
70,69.86768
55,53.904217
73,72.49273
76,75.25729
52,52.246014
69,67.05219
60,59.47919
65,65.92931
66,66.22924
54,54.249382
69,68.119774
51,52.927814
71,70.78599
64,63.662098
77,75.83456
64,63.6129
63,62.55441
62,61.641026
57,56.37055
56,54.85945
74,73.512695
60,59.228924
65,64.37949
64,64.48844
51,50.918533
60,58.089153
63,63.107452
59,58.476784
63,62.327343
73,73.11793
62,61.019863
77,75.88239
67,66.80517
59,59.76729
75,75.63152
72,71.8897
67,67.80552
61,60.546227
65,65.19523
66,65.42547
57,55.572643
71,70.475655
64,63.617786
66,66.19746
60,59.42584
69,68.20956
66,65.43693
68,67.574554
76,75.10652
56,55.441986
65,65.242
63,62.973225
68,67.206184
52,51.78012
80,79.5388
73,71.86138
64,64.106895
63,63.034874
47,48.989002
69,68.62649
68,67.3864
62,62.071125
63,62.780075
56,56.103363
67,66.179276
75,75.337105
70,67.841736
57,57.286224
72,73.92623
64,63.538612
63,62.515564
69,68.368164
62,62.114178
73,72.11567
49,49.059795
65,64.44988
65,66.25002
66,65.31515
76,75.996315
64,63.011654
69,68.703606
59,59.072407
67,66.76835
81,81.45127
63,62.388794
59,58.404873
61,61.158276
77,75.93813
73,72.49956
64,64.48453
69,68.33638
56,56.224598
61,61.389114
74,73.13597
69,67.950645
57,56.011013
62,61.580055
64,64.06013
70,69.27793
67,66.92283
66,65.86168
80,79.62738
64,63.886604
63,63.086784
64,63.235096
60,60.02249
65,64.4225
68,67.54087
68,68.18347
73,72.61764
69,68.50632
75,74.73667
64,63.819973
66,64.46179
72,71.51121
60,58.99849
64,64.1086
72,71.86991
71,71.83592
63,62.08671
82,80.05359
66,65.79305
69,67.36837
81,80.71115
50,49.073437
68,66.979904
63,62.96689
81,81.46853
69,68.665474
72,71.29585
71,70.61481
63,62.908142
58,57.794117
67,66.3993
63,64.18513
62,61.392418
71,70.443275
56,53.469402
58,59.52341
69,69.9743
63,62.71424
80,80.02128
67,66.460495
69,68.151726
64,63.316467
70,68.995415
73,72.64478
68,67.203514
70,69.07486
68,68.08286
51,50.784355
60,60.143322
62,61.574753
66,66.318565
81,80.54881
75,74.425285
74,73.47999
64,63.672726
62,62.221867
66,65.47316
73,72.39918
67,66.200386
63,60.480824
68,67.484375
65,64.71106
60,58.48166
65,66.22605
51,51.046936
63,62.415764
72,70.85001
67,66.04179
61,60.36869
71,70.74778
70,69.354126
72,71.35952
57,57.953915
76,74.87243
60,60.275177
72,70.5121
77,76.46178
73,72.68153
67,66.6344
58,58.60841
60,57.996742
68,67.74442
68,67.40196
62,61.95374
74,73.73098
76,75.79047
59,58.797028
63,62.25383
75,75.34339
68,67.611176
61,61.758335
69,68.33826
75,74.541504
51,51.715527
58,58.388012
58,57.73679
65,64.83542
77,76.90146
70,68.91642
59,58.549313
67,66.7682
71,69.771904
71,70.34176
67,67.73653
65,64.26485
70,69.66174
71,70.74728
66,65.249
70,68.50536
56,56.012234
73,72.43064
62,61.406345
68,68.25349
67,66.66726
71,70.56429
62,66.216934
71,70.82589
64,64.43783
53,52.868183
63,62.301083
73,72.024025
77,76.674416
60,59.03981
68,67.52945
69,69.42246
66,65.58591
59,57.851208
59,59.93374
60,59.621197
61,60.79643
67,66.52501
64,63.82497
74,73.677
75,73.669395
63,64.01596
61,60.723156
79,78.512245
62,60.503216
67,66.980774
63,63.83974
63,63.086056
66,66.23852
69,68.35011
56,54.977592
64,64.22263
64,63.296783
71,69.958855
58,57.512123
66,65.11139
73,72.16962
84,82.58174
65,64.80873
75,74.589195
70,69.96091
61,60.75683
74,74.16386
72,71.496765
63,63.40103
60,59.972206
63,63.846245
65,65.22532
61,60.95247
65,65.31965
67,66.7168
64,63.009983
57,57.71825
67,66.56847
57,54.927822
68,67.69257
62,62.29589
61,61.147568
62,61.10435
62,61.951466
68,67.493835
65,64.33838
56,55.95682
63,62.499065
68,68.12631
68,67.6408
62,61.17904
58,57.984035
62,60.21999
63,63.04359
69,68.16818
63,62.76516
56,54.853535
54,53.561802
68,66.74405
57,56.65057
56,54.84201
57,56.052402
71,70.80627
60,60.11426
69,68.559685
79,78.936165
64,63.442623
78,77.12256
72,71.13621
66,65.554665
69,68.660866
63,62.993813
64,63.42633
63,62.11613
60,59.31238
63,63.212753
55,53.722527
50,49.115932
68,67.72631
48,48.903503
70,69.030495
59,59.399227
66,65.818146
68,66.745705
72,71.790276
63,63.296288
64,64.78743
69,68.28109
69,69.90009
70,69.84235
78,77.96005
66,67.10449
65,64.726585
60,60.536633
67,66.67582
61,59.885834
86,84.95188
70,68.23855
56,55.65682
61,60.30186
74,73.41768
63,62.788067
67,67.40294
71,70.155815
62,61.25758
54,53.290524
51,50.503956
71,71.18971
52,51.01569
71,70.52387
54,53.907227
49,49.196575
68,66.14205
61,61.36456
77,76.86592
74,73.74524
66,65.36632
62,61.86939
61,61.084892
60,58.588043
62,60.470287
56,54.877243
73,72.83396
69,67.985344
67,66.53502
59,58.93177
60,59.01498
73,72.81894
66,65.35132
70,69.63597
79,78.93347
61,61.02245
65,65.436134
71,68.65475
64,64.68922
67,66.67461
65,64.380424
64,63.538208
65,64.69458
53,52.2153
65,65.28962
60,58.744476
63,63.194145
67,66.9127
71,69.91513
66,64.821785
55,55.47367
50,49.06296
69,68.91547
65,64.759766
73,73.62087
78,77.48705
68,67.90935
81,76.6672
66,65.66343
60,59.778923
82,81.982414
62,60.921963
68,67.36016
70,69.84373
66,65.970024
62,61.503105
68,69.58506
67,66.42701
69,68.66475
70,69.861465
61,61.343338
65,63.901836
64,63.7334
81,80.14545
76,76.12265
67,66.027016
68,68.13987
67,66.057724
61,60.099773
69,67.2419
65,64.130066
72,71.63659
63,62.05674
64,62.920124
71,71.07075
65,64.367935
52,51.792534
66,64.44987
63,61.52442
69,68.66485
68,68.490585
84,82.67834
66,65.43418
70,68.94819
63,62.946117
66,65.33989
50,48.923283
70,69.22783
55,56.53861
65,64.64601
61,60.91127
75,73.98332
76,71.99722
63,62.615334
77,76.65454
72,71.41759
70,70.01891
72,70.96527
63,62.328262
69,69.24791
52,50.252907
74,73.66465
52,51.95999
67,67.11644
72,71.153786
71,70.44237
68,67.26703
74,73.24578
50,49.21652
63,63.061222
69,68.62133
76,76.01694
59,58.977386
71,71.74335
66,66.84826
67,65.93185
69,68.35256
53,53.18593
62,61.668015
68,67.885025
67,66.47735
70,69.35728
60,58.60369
59,60.33594
58,57.53065
79,79.03297
64,64.294205
65,64.30371
65,64.43359
63,62.758846
75,74.59127
73,72.76376
74,73.47517
57,55.902435
62,62.680714
54,53.28994
68,67.54852
71,69.384575
84,83.02864
70,69.28382
71,70.845085
65,64.783875
72,71.57244
66,66.12327
69,68.64885
63,61.48254
56,55.399582
74,73.732735
66,64.31205
75,73.87913
74,73.71187
68,67.75778
62,61.075768
73,72.67877
61,60.761158
65,64.73569
69,69.09167
60,61.08945
63,62.14681
67,67.502426
57,57.22902
64,63.477463
73,72.99511
58,57.73364
66,65.24863
65,65.47649
61,61.176495
60,58.783237
73,73.03457
51,50.66337
80,78.983864
65,64.970345
68,67.08626
64,63.503742
78,79.09791
65,64.17335
67,66.73271
67,67.173996
71,70.0015
63,62.417175
66,66.41214
68,69.517006
69,69.557625
74,73.11796
70,69.72677
84,82.761154
64,62.913555
69,68.059715
66,65.570724
63,62.864323
66,65.24415
64,63.930786
67,66.633224
77,76.530495
56,56.65596
63,63.67693
76,75.48855
65,64.932655
72,71.524055
62,61.30866
66,65.661835
72,71.573715
62,61.98593
65,64.357155
60,59.62467
69,68.17585
56,56.67034
64,63.912422
74,73.63413
64,63.646374
63,62.257477
65,65.44952
64,63.033287
68,67.52401
76,75.56911
51,51.648724
71,68.62111
57,55.703228
63,62.861538
66,66.16186
57,56.563953
65,63.246986
69,68.99265
73,72.36141
66,65.751816
67,66.41801
55,54.904606
61,60.540825
69,68.64665
59,58.890884
66,66.45972
70,70.34809
55,54.851917
62,61.44964
62,61.511616
63,63.070156
65,64.28752
70,70.652336
68,67.38716
72,70.30435
62,61.590477
74,73.30364
65,65.10153
55,56.204994
81,80.474625
58,57.742153
68,68.166
66,67.15202
54,53.97778
69,68.61863
60,58.853058
50,49.00595
60,59.1663
52,49.225613
57,56.20353
77,76.1619
56,55.79704
67,65.967285
65,64.74437
60,59.917625
71,71.11847
70,69.863235
62,61.114487
66,64.87299
59,58.628174
54,53.291954
70,69.77587
60,59.049465
68,68.24896
71,70.16055
69,68.83269
57,57.48497
68,67.271416
62,62.58843
66,65.6662
67,65.90924
75,74.4513
67,65.76814
80,80.05508
67,66.70305
68,67.40779
63,62.595207
55,54.516865
54,53.883335
55,53.77213
61,61.07601
68,67.1514
72,71.29469
60,59.010056
65,65.31911
64,64.00217
69,68.534874
69,68.5277
67,67.06442
65,64.65495
48,48.919147
66,65.48251
81,80.23119
62,61.851414
69,68.9096
73,72.3596
60,59.839874
64,63.883945
72,71.40308
63,63.602077
66,65.97113
62,62.723995
66,64.64456
84,81.83597
65,64.53406
69,68.51198
60,60.161198
61,61.13222
52,52.63117
61,60.915382
66,65.24233
67,66.458435
70,69.04966
65,64.72916
71,70.90152
65,64.862755
66,64.83389
69,67.36661
80,79.34261
77,76.767
66,66.04192
78,77.65042
73,72.73747
70,69.8849
72,71.80079
85,85.03292
64,63.44097
66,64.93407
70,69.63002
58,57.693607
62,61.341908
64,63.453945
60,58.780666
65,64.798164
58,56.906307
55,55.872826
69,68.4175
64,63.221756
64,63.14497
66,66.35661
64,65.064514
58,58.12466
66,65.30768
78,77.30439
65,64.690315
74,73.37664
54,53.256298
65,64.65261
66,66.0924
63,62.29831
76,75.78526
68,67.48736
66,66.070404
70,69.25565
67,66.68954
64,63.242706
78,77.676186
77,78.63125
63,62.33762
68,67.937645
60,59.05975
68,67.16273
63,63.316444
68,66.94762
55,54.3591
65,64.873726
64,64.3458
73,73.20567
70,68.79034
59,58.561043
57,57.70163
66,67.200966
66,65.84495
69,68.320076
63,62.366966
66,65.11166
70,68.89835
67,67.68495
68,67.48633
64,62.861217
58,58.2238
69,69.66724
69,68.200424
64,64.14223
60,59.722805
52,51.78577
63,62.733616
61,60.537636
68,67.351105
70,70.35887
62,61.671787
61,60.910957
70,68.125626
74,73.62306
53,52.234432
67,67.12782
52,53.043903
67,66.98893
67,66.50932
55,54.05526
76,76.911385
67,66.73694
62,61.673893
66,65.0548
73,72.967186
62,61.443607
53,54.40101
70,70.089874
58,56.9039
61,61.156918
74,73.091515
53,53.89471
61,60.670605
72,71.04749
64,63.950832
61,60.055126
60,59.194187
60,59.279903
62,62.782913
68,66.92791
65,63.34166
70,69.43084
70,70.48945
69,67.71297
75,75.25548
83,81.0332
67,67.4671
65,64.69554
74,73.78385
73,72.704216
70,69.91441
65,64.89269
69,68.12365
67,66.15638
64,63.768394
67,65.78516
67,67.03937
59,59.072
63,62.737522
72,71.027985
73,72.66191
65,64.77631
68,67.5208
75,75.50033
68,69.23576
70,69.92326
69,68.43791
64,63.20801
73,72.95959
63,62.5605
63,61.98392
65,64.503876
61,60.644733
66,65.84986
72,71.651
55,54.527264
58,57.855103
76,75.071434
73,72.66169
73,71.64451
65,64.91786
65,67.46021
63,62.499565
68,67.239395
67,66.91305
70,69.71002
54,53.93121
69,68.66558
62,61.98117
62,61.345184
73,72.07619
68,68.57763
66,65.43569
61,61.53132
69,67.83569
76,75.43798
65,64.579155
69,68.49372
64,62.658432
60,59.26387
59,56.60239
63,62.863792
69,68.06696
60,59.115112
65,65.17452
70,69.220764
65,64.75508
65,64.757225
62,61.64626
58,56.544346
64,63.456806
68,67.07335
76,75.671684
61,60.918907
64,63.651497
56,54.034893
66,65.36942
59,57.508022
73,71.71243
66,66.61752
66,65.3991
67,66.46893
52,52.746334
47,48.96249
66,65.94447
68,67.398926
69,66.86198
61,60.961254
63,63.49882
68,67.69953
65,67.592766
68,67.26581
70,69.957
74,73.69361
68,67.598495
57,57.31335
47,48.85674
52,51.843815
74,73.97321
67,66.89218
73,72.175156
62,61.94027
71,70.57637
62,61.486397
73,72.318
63,62.717842
67,67.1193
75,74.36331
72,71.23308
66,65.73896
70,68.143005
69,68.82967
78,77.48912
73,72.431206
59,57.67418
69,68.32659
67,66.98546
70,69.21356
59,58.69237
64,64.00365
74,73.88483
61,60.917545
73,72.520706
61,60.998
62,61.54027
68,66.77402
58,57.866703
57,54.732666
57,57.28478
70,69.11511
64,63.244106
68,66.465416
70,69.45291
75,75.642975
66,64.08037
60,59.665474
67,66.73052
63,62.361095
65,64.1879
66,64.87299
68,67.12222
68,67.91143
56,55.68729
73,72.19124
71,71.29529
68,67.853424
72,70.941414
58,58.88839
72,72.14966
69,67.2342
64,63.624672
66,65.16995
74,71.516495
64,65.79062
71,70.67915
67,67.31784
73,70.43718
69,67.273254
59,59.441185
58,61.829506
62,61.24615
72,71.058205
70,69.339485
73,71.68826
61,60.82786
72,68.58414
66,65.3611
64,63.25462
53,52.57054
65,64.74091
67,67.300644
70,68.26643
70,68.90689
64,63.74061
56,55.633797
64,63.518307
81,79.37304
63,63.16068
65,64.663155
68,67.95609
65,64.723366
62,60.676266
63,63.228073
63,62.3096
77,76.634735
61,60.592857
76,75.508224
67,66.66441
75,75.3886
74,73.52124
67,65.95524
65,62.592445
68,67.21319
67,66.03781
58,57.064606
69,68.55438
76,75.617195
75,75.199234
70,69.25752
53,53.066628
59,58.84477
68,67.19444
79,77.61
72,71.17388
66,65.30808
88,86.91186
59,59.458652
65,65.175285
73,72.092964
75,73.57113
69,68.495255
60,60.027924
65,64.99385
68,66.72101
70,69.08788
59,58.814613
74,72.94267
74,73.606476
80,79.39064
74,73.08539
77,77.53859
70,68.47235
67,66.561226
67,66.36334
68,67.11928
58,58.060703
59,56.058784
70,68.39991
66,65.46969
74,73.97097
58,57.25002
62,60.842133
66,65.59749
65,65.0348
70,69.64439
63,62.835804
76,75.543076
74,73.48181
63,62.703857
53,53.613903
60,59.589478
71,70.86233
56,55.656746
61,60.47232
78,78.05074
61,60.595325
78,78.33286
70,69.8923
64,63.344517
66,65.789894
71,70.09393
69,68.21449
64,63.412514
61,60.863194
66,66.429276
58,57.689014
70,69.42156
66,64.454575
64,63.83285
69,68.79665
65,64.808945
63,62.704185
66,64.26738
63,61.832798
65,65.19181
61,61.164074
79,79.81358
68,67.13922
52,53.440414
73,73.029434
66,64.42942
63,62.485252
71,71.311424
73,72.730835
60,59.88951
60,59.60368
59,58.486668
63,62.901283
61,60.570057
70,69.945366
61,61.088455
75,74.7813
66,69.538315
65,64.2247
72,70.918625
75,74.81244
56,53.95663
67,66.73093
68,67.34389
58,58.33972
54,53.915424
72,71.37673
53,53.446415
70,69.81242
66,65.33766
63,61.831394
63,62.742447
62,61.559647
63,62.709045
63,62.754017
67,65.983955
61,60.739788
56,57.44349
74,73.65566
68,67.474205
78,77.53753
67,66.41918
58,58.119976
61,60.69137
72,71.178925
75,74.51173
59,58.097843
67,67.70723
64,64.15022
60,60.019238
72,70.62655
78,78.2486
62,61.56848
69,67.97784
66,66.086334
64,63.470997
74,73.76838
71,70.373375
64,63.5259
67,66.46874
51,51.391853
61,61.19604
69,68.306114
56,55.04321
61,60.032993
55,54.313976
69,68.58778
60,59.08531
63,63.04136
65,64.50911
63,62.578846
56,55.686695
62,67.972115
78,77.48019
53,52.972702
62,61.85588
62,61.33303
57,55.813957
73,72.84953
51,51.277565
66,64.984764
67,66.70227
68,67.207184
65,64.94389
60,56.38493
65,64.17895
70,69.29039
67,66.94162
65,64.22067
62,61.47077
63,63.120674
70,70.17554
66,65.89871
69,68.995026
61,60.973778
64,63.52814
64,62.955982
68,67.55001
65,64.0501
60,59.246834
68,67.5069
57,56.9897
70,69.00179
56,55.15944
61,60.574486
65,64.54251
62,61.599854
72,71.808754
67,67.031075
65,63.3108
66,65.17058
70,69.32592
62,60.80051
71,70.946594
54,53.767525
64,63.07028
70,69.536705
58,58.128754
72,71.99377
63,63.115524
69,68.64497
74,73.57628
69,68.11282
53,53.220314
58,59.13407
64,63.639034
70,69.89226
61,61.411922
66,66.09654
76,75.24583
71,69.55193
72,71.0966
65,64.32961
61,60.996372
55,56.32007
66,64.71688
64,63.617443
70,69.45081
70,69.85215
71,70.58534
71,70.31108
76,75.04562
72,70.40644
65,64.39483
73,71.92923
68,65.803894
71,71.02575
68,68.153496
65,64.54981
60,59.258774
67,66.12635
73,73.483315
73,73.67097
70,68.16628
64,63.054874
69,67.64939
72,71.18911
62,61.87348
71,71.01047
62,62.408497
72,72.00914
61,60.4773
71,70.341934
67,67.44458
52,52.57564
69,68.59097
67,68.35375
68,67.73374
62,61.392868
62,62.49993
67,66.783714
64,63.669716
72,71.72409
63,62.651638
67,66.50833
56,55.96447
71,70.26883
63,62.40067
69,68.96528
69,67.7574
62,60.959797
53,52.750122
63,62.832222
64,63.223385
68,67.81006
62,60.668125
72,71.24662
52,50.443695
56,54.839703
71,69.984116
71,68.73592
64,63.5825
63,61.831974
61,61.76664
69,67.63729
77,77.10758
70,70.310074
65,64.38431
57,57.68233
81,80.44658
66,65.53959
64,63.187027
59,58.257145
60,58.894337
57,56.740753
68,67.69365
62,61.178596
64,63.77317
77,75.9396
66,63.926334
66,65.45291
54,53.496643
63,62.860584
67,66.39448
68,67.27408
68,68.21836
69,68.353096
64,62.994343
69,68.20189
57,56.589256
61,60.205418
63,62.470722
62,61.267616
66,65.62758
61,59.355484
64,62.998898
64,63.452404
54,54.152603
58,57.231297
85,84.284775
64,63.713375
75,74.01904
62,62.34867
75,74.73678
71,70.91587
60,58.907135
62,61.288544
64,63.438053
57,55.6463
53,52.57045
65,64.58679
57,53.903507
68,67.39872
66,66.090775
67,67.949
55,54.754066
61,61.408295
69,68.68226
67,66.37889
62,62.013462
62,61.908783
53,53.168056
60,59.36177
66,65.929565
63,63.109722
68,68.27536
54,53.33463
71,70.79354
58,57.65743
76,75.30552
76,75.18968
65,64.24612
49,49.10097
57,56.092
63,62.415314
62,62.467724
65,64.009125
56,56.120975
56,55.59894
60,60.2441
64,63.46715
64,62.982513
64,63.518234
69,69.157425
65,64.52286
65,64.37102
62,61.432415
64,64.3053
67,66.675156
74,73.157364
67,67.06595
64,63.40841
60,60.068954
73,72.170975
69,67.9228
71,70.6572
62,61.608246
61,60.784733
59,59.126442
75,74.668236
68,67.60061
65,64.38573
71,71.01523
57,57.132065
67,66.96718
63,63.005337
66,65.085
71,70.53983
71,71.285225
58,57.53434
72,72.15371
69,68.38811
73,71.98678
62,62.42858
77,76.434975
64,63.32032
65,64.704506
75,75.31613
74,73.91029
48,49.06322
63,62.81883
74,72.0265
76,75.82263
64,62.218143
69,68.61007
62,61.171215
74,72.45974
66,65.54511
63,62.56398
64,63.22268
67,66.5782
51,50.12294
62,61.681213
63,63.553696
65,64.34157
67,66.878006
67,65.519714
69,68.56201
76,77.128204
65,64.52044
64,63.621937
67,66.042274
65,65.02251
77,76.19732
67,65.30719
68,67.0201
58,57.241226
64,63.72201
74,73.91377
71,70.570786
63,62.911373
65,64.738266
64,63.727016
69,67.64044
63,62.71623
73,72.49783
70,69.67199
74,73.61344
65,64.463745
58,58.911224
73,71.355484
71,71.01663
67,66.89496
71,70.97124
75,74.91549
79,78.03378
71,70.273796
63,62.014214
67,66.38076
67,66.985664
72,71.78349
73,72.84002
58,58.258648
70,68.88359
68,66.83647
66,65.85008
54,53.504894
59,59.23181
56,55.728252
56,54.883255
73,72.73283
67,66.75518
57,56.777317
65,65.281006
62,61.476074
66,66.20876
76,75.67127
68,67.44171
58,58.05378
58,57.73444
71,70.43195
72,71.59047
73,72.144485
66,65.89686
66,65.696266
74,74.31804
63,63.348625
63,62.488895
65,64.149765
62,61.573017
49,48.950413
69,68.17638
61,61.34581
71,70.260666
75,74.55123
73,72.02581
69,67.62889
63,62.285454
73,72.73971
66,65.5722
61,60.62135
68,67.8449
69,68.922455
64,64.00174
60,59.654617
66,65.33571
65,64.94689
63,62.434464
63,62.62599
72,70.6604
69,68.01604
56,55.722206
77,76.55894
67,66.19331
71,69.7486
83,83.78171
60,59.709076
69,69.26208
55,54.67032
63,62.753433
60,59.367184
61,61.223198
73,72.60209
62,61.934082
70,69.51694
71,69.46652
57,56.491913
72,72.1253
65,64.16424
67,66.77519
69,67.89633
61,61.453953
72,69.84382
66,65.38066
61,60.50619
86,86.97744
66,65.29684
64,64.261246
72,71.781876
61,61.974285
73,72.56165
72,70.30786
62,62.378227
80,79.63181
72,71.30581
49,48.960266
68,67.67515
64,64.24005
67,66.69083
65,65.88634
63,62.09377
68,67.30937
64,63.726242
84,82.61983
52,52.89998
57,56.516304
52,52.59104
77,76.779205
67,65.06165
76,76.15967
60,60.41096
68,68.03109
72,71.7621
62,61.068108
67,66.54746
71,70.009445
56,55.470394
61,61.211395
58,57.602993
71,70.711395
70,69.12352
67,67.1624
58,58.35718
68,67.28541
69,68.583786
68,67.58684
69,69.77001
70,68.93315
64,62.966656
77,76.30522
70,70.180145
65,64.655754
80,80.80547
79,79.80915
55,55.719814
75,74.20738
62,60.93334
62,62.26234
72,70.82636
63,62.904392
62,59.29107
69,68.53952
65,64.24555
64,63.396618
73,73.34937
62,60.26956
52,52.23751
73,72.52348
53,53.149754
61,60.944363
57,55.561874
56,55.88402
61,60.884377
69,68.1346
77,76.44487
77,76.142204
64,63.92172
70,70.04084
57,56.191395
62,61.150963
64,64.508736
66,65.773544
51,50.96733
65,64.416214
58,58.672882
72,71.76139
67,65.97126
86,84.87477
56,56.46658
66,65.70139
49,48.843945
75,74.77822
71,70.96687
76,74.95815
52,51.17039
77,76.80317
59,58.803146
53,53.25296
48,48.340523
64,64.240906
66,65.55442
62,61.866116
55,54.82709
73,72.0063
59,58.928387
69,68.39759
59,58.525654
77,76.46221
77,76.287766
52,51.597195
65,64.01768
67,66.724945
58,56.678757
75,74.940735
59,59.14079
65,64.76291
63,62.194283
55,56.36403
62,61.336624
58,57.607994
69,68.28551
56,55.789845
65,64.60312
77,76.42701
65,64.32415
66,64.047455
62,62.679462
68,66.55639
90,86.98391
67,67.02477
58,56.819283
55,53.919464
68,68.08629
60,59.24816
72,71.22848
66,66.07947
64,63.616375
59,58.245747
70,70.56188
56,55.29504
62,60.264366
52,49.474728
74,73.79654
60,59.365414
65,64.42903
65,65.08758
63,61.575146
68,66.718605
66,65.77387
74,73.873634
70,70.18099
60,58.88907
60,59.460567
67,66.20924
66,64.0843
65,64.36211
75,74.088875
68,68.06835
68,66.97942
68,67.6551
64,63.586452
63,62.551292
53,52.101593
56,55.540558
70,68.77706
64,63.07702
54,53.427246
70,69.41357
68,68.40464
71,70.39827
59,60.154987
56,57.080227
58,58.688282
68,67.974724
75,74.61158
77,76.6479
70,69.15406
69,68.379166
51,49.84616
81,80.40347
65,64.248665
52,52.09187
62,61.1996
63,62.575314
64,63.816105
72,71.27557
73,72.99142
70,69.98943
56,55.407433
69,68.18397
74,72.53917
69,69.2532
63,63.424286
68,67.63407
59,59.89232
67,66.5996
62,61.094826
59,58.49936
69,67.13497
67,66.571724
60,58.94735
60,59.65818
64,64.69849
74,74.03118
63,63.142345
84,82.76755
69,67.9865
61,60.40075
70,69.23339
64,64.132385
67,66.422516
67,66.22444
63,62.754017
66,65.26149
58,56.540974
61,60.56674
64,64.18102
69,67.28123
77,75.96811
74,72.97451
68,67.0935
66,65.77336
68,67.7717
53,53.228596
61,61.084118
63,62.926224
59,59.70035
59,60.06747
65,64.66897
63,62.43292
71,70.930374
87,87.36649
67,66.77035
62,62.164604
64,63.444897
62,62.215805
68,67.558205
67,66.478
53,51.942493
77,76.68059
80,79.07516
58,57.98043
73,72.851166
75,74.22826
68,67.50673
70,69.541245
59,60.10026
55,55.603245
62,62.207817
59,58.439983
57,58.27688
66,66.1859
65,64.41331
68,68.07935
64,63.238174
67,67.241135
76,75.20017
64,64.519516
61,59.44463
53,53.078045
76,76.08046
60,59.371437
56,56.62224
58,57.651764
63,62.57938
66,65.61885
65,65.43459
72,71.318756
62,61.30479
66,65.49732
58,57.90905
64,64.2317
71,69.97824
63,62.38763
70,70.14666
58,58.478558
57,55.74874
61,60.856422
76,75.595825
75,74.7047
74,73.62679
69,68.92054
66,65.6046
68,68.05897
63,62.425877
69,68.74838
58,57.7552
65,64.35062
71,70.60265
64,63.736393
63,63.130142
65,64.54255
67,66.721504
84,82.49286
57,57.63977
68,67.48633
63,62.881523
51,49.70846
68,66.97513
68,68.02808
72,71.64625
66,66.78748
64,63.886852
50,49.476383
69,68.19286
65,65.03295
62,60.43735
58,59.147305
68,67.4429
70,70.007935
74,72.84661
59,58.139347
64,64.27499
70,68.8636
71,70.289314
62,61.463478
69,68.911835
74,72.82961
63,62.680054
73,73.02093
61,62.29994
70,69.97836
54,53.03119
64,64.272804
63,62.901306
64,68.26382
63,62.731583
64,63.82004
62,61.629677
63,62.627293
60,59.09863
74,73.63327
68,66.98024
56,56.162643
57,56.62446
68,67.09364
66,65.50695
62,61.84528
69,68.52183
78,78.185295
58,58.207233
62,61.51172
63,61.796646
66,65.93086
71,68.63138
53,52.812717
65,65.37762
67,66.97473
62,60.63154
56,55.357735
76,75.6768
64,63.588737
70,70.74882
55,54.02916
64,64.1783
61,60.069027
61,61.512695
80,79.12599
71,70.54976
64,63.53482
62,60.875362
60,59.52014
59,58.430748
66,65.64624
68,66.5961
51,50.62485
74,73.24746
79,78.18932
70,69.16863
58,56.88877
65,64.649345
68,67.968834
66,65.88183
74,73.68387
63,62.281036
63,61.692516
64,64.227554
73,72.47927
63,62.52865
63,62.543423
68,67.683846
70,69.82297
62,61.458122
76,75.1356
64,64.03886
64,64.347374
69,67.89457
66,65.48733
74,72.81335
61,61.001232
69,68.03819
74,73.58996
66,65.30702
67,66.53356
52,50.407383
61,61.35801
59,59.727726
69,67.62494
71,70.44682
75,74.68488
70,70.70403
60,58.777103
73,72.894844
72,71.196976
83,81.7668
79,78.21596
68,67.70449
71,70.98575
59,57.210796
61,60.55147
62,61.893497
72,71.90421
80,80.3714
57,55.820316
48,50.219208
68,67.615265
65,63.488087
86,83.234146
73,73.21774
67,66.7283
60,59.775467
59,58.68177
80,78.821236
51,50.880165
53,53.48511
64,64.57158
54,53.297974
60,58.96828
60,59.989956
68,67.87614
65,64.55531
62,61.999386
69,69.27345
65,64.521904
71,70.101456
68,68.072655
52,52.642166
84,82.138756
61,60.446785
75,74.882095
65,64.00377
72,71.41914
58,58.093384
63,62.66012
68,67.40239
56,55.36759
67,67.45371
55,55.779957
64,63.446743
75,73.94093
82,81.70865
63,62.290466
71,69.244064
76,75.55606
65,64.54529
67,66.77881
73,72.58508
63,62.16239
80,78.21753
61,60.989834
69,67.81064
69,68.38244
55,54.801517
72,71.06897
52,52.52788
68,67.23536
62,61.136482
64,63.25542
62,62.035088
71,70.25294
74,74.63007
69,67.81827
64,63.821728
70,69.09283
74,73.6424
69,67.3493
57,56.538074
71,71.33267
63,64.101746
68,67.25383
59,58.6486
63,62.977
63,62.223606
63,63.93775
63,62.612408
68,67.334435
66,67.640976
62,62.469475
64,64.10106
66,65.60848
66,66.264015
66,66.236305
66,65.48794
55,54.433712
72,71.11121
78,77.14695
60,59.37191
68,68.29234
70,68.73417
60,59.344124
64,64.05741
72,72.47348
65,63.996212
69,69.383415
70,70.04906
68,67.880455
57,55.973644
67,66.51697
74,73.02075
63,62.340862
69,68.56425
72,71.95996
65,64.247154
55,54.687466
73,72.25976
63,63.387894
76,76.01508
59,58.58889
64,62.729774
69,69.28343
73,71.29562
62,61.01307
62,61.906906
79,78.40482
56,55.33639
69,68.42708
82,81.7712
73,72.18645
70,68.80533
70,70.01707
65,64.55103
54,53.347603
74,73.90838
55,54.682713
79,77.773125
72,71.87704
62,61.9213
71,71.57446
50,48.485615
68,65.58873
64,61.72734
65,64.663
62,61.130295
63,62.041
61,61.43708
53,52.052963
64,63.21585
71,70.730064
66,65.20024
73,73.561165
69,68.17029
53,53.375134
74,73.456184
72,70.26825
53,53.28994
76,75.472946
69,68.628746
72,71.07082
71,69.53791
65,64.29704
58,58.616936
62,61.813717
70,68.82243
68,68.33695
61,60.227577
75,74.55422
58,57.978878
72,71.145325
56,55.20646
65,64.33475
77,76.606834
65,65.52454
57,56.57838
65,64.79721
71,70.774704
54,53.729816
73,72.722786
64,64.19045
58,58.578743
80,78.702805
81,78.55796
57,56.984497
58,57.6503
58,58.932068
56,56.19274
71,71.20237
75,74.671745
70,69.34819
73,72.17784
70,68.96095
66,65.69781
58,56.492638
75,74.39925
67,66.56172
64,64.02799
68,66.16564
69,68.24503
59,56.517227
70,67.56831
73,72.54522
68,67.22441
68,66.97265
73,71.96863
67,66.52924
73,72.315254
71,70.31523
71,70.6393
76,74.09143
64,64.1646
65,64.22238
82,81.76519
72,71.173096
58,57.533535
62,62.19842
66,64.98568
72,71.31849
71,70.73217
57,56.30799
68,68.31347
72,71.75118
75,74.79671
84,84.58806
69,69.10438
60,58.228115
64,63.49102
60,57.959297
65,64.350174
64,62.97694
60,59.170574
63,62.952366
71,70.69755
63,61.993786
64,63.449154
73,71.39293
60,58.931015
67,65.74823
57,56.478622
69,68.55414
65,64.363686
66,66.876114
65,64.47757
68,66.95155
62,62.141106
71,70.100876
65,64.134674
84,83.35536
64,63.885094
73,74.04192
67,65.13292
73,72.8613
66,65.560394
59,58.42117
59,58.733448
68,68.054146
66,64.58657
73,72.94624
74,73.24168
67,65.35271
66,66.34375
66,65.68857
74,73.482254
73,72.9293
52,51.747086
54,53.8711
74,73.45442
62,60.996613
64,64.009285
58,58.40623
59,58.167866
73,72.18083
65,64.14096
62,61.846977
69,68.53928
68,67.73118
67,65.69985
71,70.97921
70,69.48252
68,67.17391
54,53.391987
64,63.650284
74,73.67548
67,65.71201
63,62.540314
58,58.69857
76,75.72908
71,70.792755
65,64.36373
63,62.76824
55,55.041428
63,62.437378
63,62.720978
64,63.384644
68,68.36399
68,67.66433
78,77.71559
63,62.56601
54,53.84242
76,75.536125
73,72.74533
54,54.66502
77,76.66589
80,78.62371
74,73.14831
64,64.041145
66,66.02781
65,66.321785
57,56.366592
68,66.92189
65,64.082535
63,62.36833
64,63.395317
63,63.761883
67,66.69606
62,62.10857
61,61.37235
74,73.167305
71,69.99605
60,58.885464
86,84.19051
66,65.24241
77,77.05279
60,58.43316
58,58.65246
56,55.41206
66,65.93637
62,61.696312
73,72.32353
71,69.632355
71,70.25506
59,58.5417
68,67.48376
69,68.92829
79,78.90451
56,56.66481
59,56.77409
64,63.19207
65,64.37704
76,75.172
51,50.711983
71,70.559235
67,66.71768
63,62.41644
66,65.40986
67,66.46778
64,63.656788
65,64.25925
72,71.311226
86,84.212006
69,67.941666
68,66.99363
73,71.26908
70,70.17522
68,67.7618
67,65.90428
78,77.55256
70,69.62406
73,72.11458
57,57.426773
63,62.60049
78,77.469124
67,66.23822
72,71.38888
80,77.24584
67,67.11008
55,54.001072
70,69.41631
66,65.55428
63,62.58915
57,56.739426
65,65.22505
62,61.814816
71,69.842545
74,72.96205
62,61.56143
80,79.11377
81,80.59275
71,70.80662
63,61.829338
63,63.051754
69,68.88463
65,64.17048
72,71.251015
69,68.85347
71,70.01535
61,60.648106
57,58.027508
67,66.77464
67,66.42388
67,67.02588
57,56.31245
64,63.892178
69,68.17635
64,63.313248
68,67.69964
63,62.826885
62,61.592293
67,66.25521
69,69.155754
68,67.41553
64,62.890408
78,77.373116
66,65.483826
60,59.502514
75,74.74805
55,56.068184
57,57.399395
58,58.99464
67,67.11018
82,81.36265
63,62.28685
73,72.5064
63,63.516724
64,63.421513
72,69.8231
68,67.540146
66,66.51863
67,66.47137
69,68.73693
67,67.85896
68,67.74193
58,57.28944
58,58.423378
75,75.101845
55,54.804913
64,63.35219
64,63.330387
76,75.72162
72,71.78429
61,59.58788
63,61.818794
59,59.867813
65,64.08379
65,63.07192
64,63.14695
72,71.778725
64,64.46022
72,71.929695
62,61.76201
65,64.53367
68,69.03193
69,68.55502
70,69.970505
67,66.68903
69,68.5934
62,62.236763
62,62.965343
67,64.209114
66,66.30021
62,62.19847
78,77.241806
64,63.39411
71,70.39513
70,69.72959
60,58.357307
59,58.4865
64,63.757633
55,54.825363
75,74.426544
57,57.80165
55,54.167587
63,63.08987
63,62.750652
58,57.0579
80,78.89126
55,54.499035
71,70.63874
64,63.733906
70,69.897644
67,66.38824
51,50.756573
71,69.502335
64,63.241425
67,67.47703
68,67.87973
60,60.513885
74,73.4105
64,63.244408
63,62.434734
61,60.182545
61,60.63779
52,51.93846
76,75.399155
69,68.41912
59,59.005623
65,64.603745
65,64.34542
73,70.72909
63,62.422245
69,68.5187
63,62.12732
71,70.6913
61,59.888424
76,75.491234
65,64.24823
59,57.027462
67,67.22422
61,60.90641
63,62.532417
69,67.791046
62,61.788105
65,64.970924
60,59.599663
65,65.2688
68,67.68719
66,65.002556
72,70.630455
65,65.30219
64,63.471672
64,62.96199
65,64.50761
67,66.673256
53,53.36168
61,60.987183
67,66.954445
60,59.3853
66,66.14386
83,81.63858
70,68.44327
84,81.8264
59,58.60554
62,61.71818
68,67.89872
56,55.516376
62,62.21906
60,59.462147
75,74.29942
72,70.50004
91,88.54196
58,56.688427
70,71.95983
66,65.420525
68,68.24386
65,65.38153
69,67.95015
72,72.99631
69,67.863235
57,56.79681
71,70.204796
66,65.43659
67,67.02072
66,65.18541
68,68.25052
68,67.15652
68,67.51207
57,55.92235
70,70.0334
69,68.37089
60,58.66884
67,66.81071
51,49.673344
72,70.4659
66,65.787895
54,54.698906
62,62.912304
67,66.17052
60,59.151253
75,73.87988
68,66.79312
70,69.24547
73,72.49611
61,61.108635
75,74.80153
60,58.988007
74,73.61582
69,69.0216
75,74.68857
72,71.3669
67,66.63229
66,65.10228
71,71.017395
70,69.32266
70,69.37106
68,66.70761
67,67.39239
57,56.06033
65,64.328995
57,56.40606
50,49.177307
70,68.54824
61,61.77441
64,63.569233
63,61.652996
65,64.37218
70,69.73301
61,61.057583
68,67.37143
64,63.576126
68,66.79026
66,66.099075
61,59.496113
63,61.654007
70,69.36863
67,65.93797
65,64.369835
60,59.72095
55,54.586197
72,72.45463
59,58.384865
81,80.05429
67,66.76559
56,55.207287
62,61.986942
69,68.04806
67,66.72301
65,64.94416
66,65.58289
69,69.378944
65,64.554535
70,68.767365
64,64.073235
58,58.246887
66,65.050026
63,62.15841
51,50.89388
75,74.79405
66,65.857544
64,63.788757
65,64.33943
66,65.25821
60,58.034733
64,62.951
64,63.4722
63,62.20015
65,62.477158
67,67.48938
60,60.911613
66,65.375046
61,60.49344
56,55.23495
69,68.89891
70,69.62052
74,73.264946
70,69.19605
62,61.411476
75,74.54356
74,73.82519
69,68.22308
67,66.13387
63,62.334545
76,75.47559
71,70.19309
62,61.63634
65,64.81758
54,53.768467
67,66.1738
55,53.049915
64,63.998596
61,60.52714
76,75.27237
70,68.978615
50,49.359222
53,53.139355
64,64.21013
69,68.424614
63,62.702194
66,66.237206
61,60.13538
61,60.90257
71,71.60952
70,70.418846
70,70.02706
70,69.43476
78,77.25905
70,69.70568
65,65.545876
63,62.52379
70,70.510475
72,71.62916
61,61.156624
76,75.5776
68,67.37163
78,77.786804
59,58.82761
68,67.73898
70,69.631325
65,65.37563
52,52.037582
68,67.96586
61,60.20843
86,84.12579
59,57.958332
65,65.045845
66,65.46401
67,66.49818
77,76.405655
78,76.55655
58,57.559616
81,80.77741
65,64.43957
71,70.72437
77,76.11857
59,58.949356
59,58.83097
58,58.260834
61,60.17009
67,66.75897
69,68.88524
70,67.87383
65,64.63529
69,68.87911
63,62.530453
81,81.43861
64,63.60983
65,64.34663
55,53.876484
58,58.137474
67,66.38924
70,69.504814
65,64.4773
68,67.99531
64,66.201454
52,52.557552
79,78.2175
58,57.719734
62,65.76792
72,71.07447
70,69.614075
59,58.77475
61,60.34089
56,55.727303
59,58.69211
71,70.95356
63,62.456284
50,49.338306
64,64.08522
62,61.222534
78,77.433304
69,67.01835
63,63.445114
66,65.72412
69,67.97291
67,66.82042
70,67.96034
54,53.598167
67,66.816444
65,64.485634
68,68.92105
63,62.762722
79,78.74083
71,70.91372
63,62.54961
72,69.50162
61,60.43783
80,80.82776
63,62.322456
69,68.27793
72,71.67297
65,64.348434
65,64.74673
52,51.78349
52,51.49007
63,62.066975
72,71.830444
67,66.36612
71,70.1243
68,68.435844
72,70.881
66,66.16971
53,52.791702
57,57.046997
69,68.53564
72,71.27053
76,75.047295
67,67.79077
80,79.304
64,63.300117
64,62.89968
71,70.57284
68,67.19374
70,69.81761
70,69.80613
64,63.269688
67,66.49758
57,55.537167
81,80.23373
59,59.134315
64,63.976345
67,66.27081
67,66.7667
68,68.7945
66,68.84997
72,71.1133
71,69.81569
65,66.24116
66,65.12503
77,76.738525
67,66.89653
73,72.410904
65,63.738033
66,66.99049
67,66.58779
63,62.267597
65,65.425934
66,65.893715
75,74.632614
80,80.383606
59,58.44586
69,68.92654
74,73.30579
63,61.84476
63,62.7938
65,63.927425
55,55.90276
58,54.841908
71,70.8375
66,65.860886
67,65.963165
67,66.97789
75,74.85028
71,72.04116
64,63.134853
71,70.60455
62,61.27516
63,62.330082
65,64.31902
76,75.53876
51,50.91494
66,65.198746
68,67.35192
63,63.245457
75,74.119446
60,60.758614
62,60.944622
61,60.68
85,83.52838
83,81.33885
62,61.308105
67,66.65407
64,63.636417
60,59.164318
62,61.564766
62,62.841366
69,68.582
75,74.64128
53,55.499863
68,67.31579
49,49.1045
60,59.76667
86,84.794174
72,71.6224
61,61.22349
57,57.164364
72,71.705826
64,63.81956
58,56.94707
74,72.69043
75,75.06618
66,66.50669
70,69.07651
64,63.19105
59,58.39704
77,76.27126
62,60.82953
74,72.38751
70,69.21275
79,78.723976
57,57.607063
58,57.260567
72,71.91767
54,54.869877
72,70.966545
55,54.631973
64,64.19944
82,81.31781
65,64.360916
83,83.28691
62,61.883648
65,65.49403
61,61.271835
64,62.88575
80,78.17429
69,68.513245
72,70.90243
61,60.963436
62,61.58577
64,63.919827
72,71.60587
64,63.49849
68,66.40583
66,65.53878
64,63.655247
57,57.44422
56,55.631775
57,56.75385
54,53.574265
65,64.48358
75,74.6544
70,69.83098
52,67.653885
62,62.23446
55,55.59306
74,73.03738
63,63.00764
67,65.52421
64,64.86804
66,64.7978
71,70.112335
57,55.947823
65,64.35164
68,68.57288
66,66.08359
58,56.304012
70,69.64615
48,48.91139
57,56.16224
76,75.54201
68,67.82878
72,71.297226
65,64.864746
66,65.91377
64,62.93815
74,73.478874
58,57.88569
65,64.71894
61,59.92953
77,76.06059
68,67.61339
75,74.892265
67,67.160385
68,66.91485
69,68.769455
56,54.583694
63,63.467377
66,66.66513
70,68.48893
69,68.85007
58,57.639973
59,58.896805
55,54.78072
59,58.645535
59,58.97155
72,71.24093
57,56.431858
74,74.96104
76,76.678566
62,60.46274
67,64.95527
71,68.61367
66,65.48273
65,64.86222
75,74.78089
67,66.78621
65,64.37803
66,66.205574
62,62.04142
64,63.257164
60,59.19124
61,61.30525
65,64.83735
66,66.11131
73,72.40485
60,59.37765
82,82.29181
65,65.22433
64,63.41417
65,64.73025
62,61.55914
71,69.805626
64,63.827793
73,73.176765
67,65.65719
64,62.283882
63,62.586147
67,66.136444
65,64.55588
73,71.94631
51,50.658478
63,62.823215
64,63.652218
74,73.65113
71,70.29866
74,73.606804
62,61.9419
64,63.426903
70,68.809425
68,68.11633
62,62.610306
67,66.94183
68,67.691505
65,65.06903
62,61.818115
59,58.67167
61,60.774837
69,68.791466
58,56.260777
51,50.14336
67,66.227425
72,71.32809
64,63.099968
77,75.9112
59,58.102016
64,62.768906
65,64.29787
72,71.783195
70,70.28445
72,71.54907
70,69.67099
62,62.02978
75,74.025955
66,66.22279
68,67.33529
72,71.968895
66,66.350334
62,61.20602
72,71.527214
72,72.015335
68,67.73738
51,50.84697
53,52.4834
62,62.818966
71,70.68543
62,61.499477
50,48.953796
72,71.65971
66,65.68598
73,72.22849
63,62.473198
76,75.95142
67,65.84443
73,72.108116
68,66.497765
64,63.74959
59,59.574078
64,63.809074
65,64.654076
71,71.43181
83,83.206505
72,71.11127
75,73.91155
69,68.93358
63,62.074898
76,75.84779
62,61.397354
71,70.49973
74,71.65492
55,54.80299
65,64.97143
75,74.47111
53,53.8416
51,49.565125
67,65.48912
66,66.304565
71,69.94978
79,79.26767
68,67.15723
59,59.774464
81,81.354485
71,71.23926
73,72.59297
60,59.48429
67,66.92649
64,64.467064
58,59.508976
67,66.21662
62,61.951473
66,65.395294
66,65.429
60,59.742546
78,77.8578
77,76.65683
56,57.069817
65,64.609344
66,65.321304
56,55.78318
56,55.60122
55,54.50819
62,61.81047
66,65.64093
63,62.814445
72,71.20887
72,71.97685
72,71.56163
64,63.031185
65,64.8025
64,63.622295
68,67.98453
61,61.604504
62,61.668736
69,67.21405
70,69.54905
71,70.9715
73,72.17768
65,66.45062
75,75.41168
77,76.53546
63,62.354404
65,64.25006
68,67.97352
72,71.66363
64,63.53386
64,63.761227
69,67.86525
73,73.500145
72,70.76526
80,78.94635
74,72.981606
79,78.044754
52,52.20901
80,79.5907
70,69.6375
66,66.04914
69,69.0531
69,68.78839
74,73.43236
60,59.18818
57,56.436687
62,61.6329
71,70.63297
66,65.308876
66,66.01044
79,79.09494
71,69.84794
76,75.32448
71,70.049995
67,65.825645
64,66.63843
68,67.517494
69,68.99743
63,62.219868
64,62.838646
65,64.53409
75,74.79059
54,53.584263
67,66.625015
65,65.145256
61,61.418503
76,74.26949
80,79.732796
61,60.273163
65,64.61816
75,74.49107
76,75.65773
68,67.60001
59,59.451153
64,63.553
75,74.40879
60,57.77659
66,65.70602
57,56.199722
78,77.49786
62,62.093567
71,70.17489
75,73.78933
65,63.911705
62,61.93858
63,62.6465
71,70.72651
63,61.690918
63,62.76756
60,58.78673
69,68.36258
69,69.411476
62,61.754566
63,62.7465
65,65.084274
54,53.757854
66,65.293
73,71.99416
67,64.710915
70,69.48132
65,63.76204
76,75.01667
69,68.147385
67,65.473885
74,73.52322
58,58.514095
62,61.51793
69,68.64673
60,59.442844
63,62.459824
65,64.57704
68,67.598015
73,71.99275
61,61.801743
87,85.743126
63,62.906563
71,70.973145
67,66.50149
60,59.890194
57,56.570465
68,68.206024
63,61.994873
69,68.38986
63,63.095215
67,66.825226
70,68.82623
67,66.72527
75,74.809875
59,58.5129
65,65.122925
67,66.75791
50,49.12274
68,67.906845
55,53.656292
60,59.83279
69,69.12362
69,68.71204
64,63.842033
63,62.6563
70,69.56232
62,60.764935
74,73.66939
65,65.37249
60,58.712025
57,56.776108
68,67.79384
70,70.14539
66,64.73505
69,67.673164
68,67.483406
76,75.17779
64,64.02027
57,56.567528
67,66.47714
55,55.277447
65,65.11133
66,65.04196
63,62.6542
55,55.229126
64,63.088493
70,68.734215
65,64.31318
54,53.561802
83,82.6639
83,82.44587
73,72.78372
70,68.9678
57,57.290833
68,67.71449
67,66.437225
70,69.06377
54,53.730816
71,70.6151
65,64.67714
51,48.957172
64,64.56576
81,80.24513
49,49.25066
58,57.94261
64,63.764843
73,71.23157
62,61.243576
60,58.515736
58,58.554363
72,70.05675
66,65.343895
66,65.74873
71,70.429665
59,56.19956
69,68.91275
61,61.43558
69,68.42053
71,71.10812
65,63.605534
64,63.753056
68,68.72375
75,74.572784
54,54.162895
70,70.14973
65,64.34756
68,68.30192
64,63.656628
64,63.500027
58,58.13544
59,58.013958
67,65.67231
64,63.372402
58,57.498077
61,60.323708
67,66.67063
77,76.44335
64,63.417583
73,72.5972
78,77.82184
64,63.548363
62,62.144478
66,67.73133
71,70.7789
72,71.43163
72,70.727554
73,72.531044
64,64.24093
69,67.850296
69,68.77388
73,71.289215
70,69.96519
57,57.624046
56,54.969524
67,66.5193
55,54.671326
76,75.9453
80,78.503845
63,64.26279
70,69.576996
67,66.338005
60,59.378586
68,67.63404
66,65.281975
53,53.670525
66,65.69467
75,74.754486
65,64.45383
67,66.54371
64,64.7177
59,58.16881
52,53.855312
80,79.50833
70,69.441986
68,67.707954
70,70.04068
63,62.31764
73,73.01525
67,66.66112
63,62.884037
73,71.97163
56,55.469822
73,72.84083
80,79.22549
59,60.785286
74,73.807915
58,58.516083
63,63.425552
71,70.94607
62,60.687653
70,69.30945
60,59.50477
71,70.62192
75,74.836655
67,66.113556
59,59.24657
66,65.91846
68,68.81404
84,82.08434
61,60.940956
69,67.54372
57,56.202618
63,63.603462
70,69.77709
66,65.34192
49,49.202465
72,71.28145
65,64.72561
60,59.022682
63,63.033215
66,66.6787
68,68.58602
66,66.36001
66,66.965935
61,62.52143
62,61.59633
81,79.61006
67,65.94264
50,49.087425
63,62.57163
69,69.45247
64,63.680206
65,64.60656
70,69.355705
70,68.83314
75,74.81882
72,71.47706
55,54.10537
74,73.876785
76,75.932106
64,64.010895
63,62.266983
65,67.11786
59,59.907772
68,67.298294
52,51.7993
72,70.685776
67,65.7286
69,68.57054
60,59.162617
56,54.627644
62,61.693695
64,63.617565
72,70.18584
61,60.944138
50,49.186905
70,69.85614
68,67.51485
79,77.75944
63,62.486176
76,75.307335
60,59.452175
63,61.7084
61,60.768105
65,65.99767
70,69.734276
61,61.998585
65,64.552185
63,62.597572
79,79.175385
73,72.26034
69,68.26672
67,65.516685
64,63.60084
65,63.968594
67,66.539116
67,66.25031
74,73.147224
61,60.3223
68,67.31719
57,56.763954
68,67.71017
66,65.530365
64,63.70617
54,53.326286
69,69.38578
60,59.725563
71,70.5525
62,61.856686
58,58.64975
70,69.2475
65,64.015785
61,60.473442
69,68.71417
61,61.288612
62,62.00502
62,60.30912
68,66.87099
64,62.705208
64,63.099884
63,63.478024
67,66.55139
71,70.59026
55,54.069336
66,65.86067
60,59.96994
59,57.53195
68,67.858376
58,57.36975
72,72.772354
58,58.445396
50,49.33261
65,64.59619
71,71.03465
67,66.74411
66,65.32127
60,57.197865
67,67.31409
67,66.5363
54,52.667557
68,68.176994
64,63.531986
67,67.4031
72,71.4864
68,67.846115
61,60.74721
69,68.447044
66,65.719376
70,69.79059
63,62.81241
59,58.786926
74,73.63866
67,65.52633
62,61.936848
72,71.14582
71,70.3411
76,75.175575
62,63.742622
70,69.7509
74,73.59208
68,66.907425
61,60.22675
63,63.120213
69,68.40986
70,69.41339
67,67.13544
61,61.123367
64,63.747925
74,72.84227
60,59.300194
66,65.337074
71,71.06556
54,53.330177
60,60.080482
62,61.64551
72,71.417534
71,70.19487
65,64.31914
60,59.255386
64,64.12709
67,67.122314
69,68.69218
65,64.33232
67,66.39981
68,66.792595
59,57.36144
60,59.39094
69,68.40714
65,63.882843
69,69.7908
65,64.59418
54,54.041573
72,71.75907
79,78.83458
71,71.15965
55,54.78066
67,66.36326
63,62.278267
65,64.52758
64,64.13785
64,63.6091
69,68.1863
73,71.52798
61,61.848354
72,71.81509
69,68.81711
69,69.40123
75,74.682434
83,81.68462
62,61.012024
65,64.56332
58,58.353672
65,64.41249
59,58.678173
56,52.664967
72,71.6477
51,50.786957
65,64.12807
69,68.75141
71,69.74273
76,76.147
66,66.368004
60,58.959675
78,76.17004
64,63.753113
66,65.44739
70,69.699524
67,66.4166
65,65.112625
86,84.199684
80,79.382164
60,58.995655
65,64.642296
62,61.862267
55,54.98603
60,59.233143
64,62.47497
53,53.18149
61,61.2224
64,63.591587
51,50.811653
63,64.42821
76,75.30884
72,70.74353
75,75.025986
67,66.59724
70,70.12412
63,62.530006
62,61.730297
67,67.2286
66,65.84956
75,74.405556
75,75.01408
60,59.472363
67,66.78939
74,73.4283
69,68.25439
53,53.658184
65,65.12232
76,76.247635
67,66.819084
58,57.475082
60,57.457623
56,55.86437
54,54.312798
62,60.375412
69,68.817955
53,53.023254
81,80.67533
76,75.63784
64,63.363003
77,77.70903
67,67.1482
68,67.02973
74,73.78436
60,59.184032
72,70.84594
71,70.13753
75,75.46039
66,65.50474
64,63.524593
55,54.78535
57,56.769665
89,87.07709
65,64.498314
61,60.125305
64,64.36335
55,54.67095
58,58.477562
50,49.495453
65,64.66464
55,54.540325
59,58.69312
64,63.47953
62,61.467796
70,70.59957
65,64.784386
77,76.57598
57,55.533688
72,71.35327
56,54.353252
56,55.51364
68,67.43138
68,67.17068
62,61.566414
54,53.817345
61,60.57071
70,69.02532
70,69.70029
67,66.85929
78,76.25506
76,75.65429
70,69.09861
70,69.31988
67,66.92469
69,68.73198
67,64.69188
66,65.63942
59,59.65162
63,62.97276
67,66.91583
65,64.93977
64,62.9489
64,63.60229
67,66.36631
68,67.53054
66,65.418564
78,77.237755
70,69.79734
65,64.875374
67,65.93759
64,63.198463
66,65.98709
76,76.08986
65,64.80258
70,67.5504
64,63.586815
59,56.858788
69,68.28015
70,67.79613
69,68.63668
68,67.601776
63,61.6059
63,62.814636
56,56.170128
65,64.79383
65,64.37944
73,72.71849
68,68.89143
69,68.30112
68,68.04649
71,70.20586
63,62.43548
67,66.65679
68,68.65833
61,60.730095
73,71.52057
74,73.55625
63,62.24606
69,68.09013
58,58.272533
54,53.624184
62,61.128387
67,66.009056
82,80.342255
65,64.976
61,61.06588
58,57.626217
62,61.41278
55,54.95652
81,80.42311
71,70.3068
70,69.96306
54,53.542347
75,74.53382
59,59.039898
65,63.96339
54,54.366024
52,52.79157
68,67.49416
74,74.065674
60,59.53843
60,59.67791
76,73.79642
72,71.74248
63,62.80907
56,56.470974
67,64.72011
56,55.812717
79,78.31562
57,56.01185
68,68.093994
66,65.71569
64,63.653183
86,84.709366
87,84.841125
69,68.32803
60,60.105034
61,59.837025
69,69.10272
56,55.9544
68,68.26244
55,54.53114
74,73.48774
70,69.53834
58,58.625397
67,66.60458
59,58.949463
69,68.82788
59,58.261345
63,62.025177
60,59.76371
63,62.83623
65,61.347893
74,73.22399
57,56.197636
59,57.866142
64,63.588276
64,64.22122
61,59.64068
57,56.435013
64,63.435513
75,74.529686
54,53.889927
52,51.54814
69,67.49577
69,68.58061
65,65.02285
75,74.383545
67,66.36252
66,66.9653
62,60.671623
65,65.28431
65,64.488174
57,56.03395
54,53.38651
68,67.91844
67,66.38793
58,58.540215
68,66.931274
64,63.315918
79,77.845535
67,66.93471
65,62.765804
77,76.26467
66,65.90835
70,70.04759
64,62.937546
75,74.79036
70,69.30322
73,71.51531
64,63.532368
64,63.41368
61,60.69953
74,73.28417
63,62.00601
69,68.04533
69,69.32445
55,54.213093
60,59.274105
67,66.52398
67,65.86459
74,73.99044
65,64.23043
74,73.56163
67,66.01087
60,59.66784
77,76.51356
66,65.79242
74,71.92499
63,62.34353
69,67.947754
63,62.993195
59,57.327347
67,66.69112
68,67.79375
68,67.7016
58,57.524307
70,69.68109
56,55.702133
76,75.40506
65,64.12523
70,68.80238
64,64.92916
68,67.15311
74,73.204185
70,68.691345
67,66.06316
70,70.20999
61,60.59943
80,79.05454
72,71.555
67,66.743645
74,74.25248
77,77.07247
67,66.46415
65,65.04496
59,59.422977
53,54.006203
58,57.641747
55,54.03303
62,61.7158
71,70.97589
69,68.5954
61,61.474422
64,64.05225
62,62.14204
58,56.99887
62,62.11123
73,72.15049
62,61.609825
65,64.847694
60,58.065716
72,72.35489
70,69.53195
60,58.920795
72,71.44145
60,60.57835
70,69.58127
66,64.4076
63,62.908638
71,71.07259
56,56.04552
66,65.68081
61,61.600445
61,60.54957
67,67.45174
67,66.31996
65,64.59512
61,59.68318
65,65.011635
76,70.8768
64,63.687313
64,63.983223
69,68.55351
66,65.9438
75,74.36924
59,58.324417
60,58.103104
62,60.59641
68,67.54299
76,75.53205
76,75.12072
63,62.30726
72,71.10525
55,54.136814
85,85.61215
76,75.60795
67,66.86104
71,70.80781
62,61.361935
69,68.56169
69,68.77126
64,64.309044
72,71.21013
67,66.64556
66,67.162704
65,64.560486
64,64.17559
65,64.31446
62,61.71945
56,55.607246
75,73.78652
65,65.17013
63,63.303802
71,69.12434
54,54.490185
71,69.683266
64,63.59167
64,63.250694
83,82.64533
61,60.633373
73,72.38452
61,60.441044
74,74.08824
59,58.90734
51,51.76824
65,64.62483
64,63.20667
72,70.52953
67,66.26613
66,65.91626
70,69.47955
58,57.98034
60,59.870163
73,72.363884
75,74.846054
75,74.2756
59,58.321762
57,56.87036
67,66.04962
71,69.80036
64,63.72301
64,63.307106
71,70.73669
61,60.543633
68,66.76597
72,70.24172
65,65.24193
64,64.220535
67,66.66391
62,62.1071
72,71.82623
72,71.74254
63,62.659344
61,61.154713
73,72.14902
66,65.26624
73,72.437355
69,69.55803
59,58.03266
63,62.18851
72,71.14843
76,75.806274
50,49.13327
67,67.138725
79,78.08112
63,62.654396
68,67.608025
60,59.436123
66,65.55906
69,68.53661
56,56.32475
60,59.1143
62,61.698654
64,63.45569
50,49.45374
53,53.179436
70,68.64417
80,79.110176
73,73.113914
68,68.498085
53,53.670376
67,67.00474
59,58.851074
68,66.66651
59,58.370255
74,73.78726
72,72.11609
68,68.365
59,58.73129
71,70.46764
76,75.13712
57,57.545216
79,78.3998
72,71.37128
63,63.02646
64,63.645603
67,66.48278
64,63.676327
75,74.74668
64,63.825573
65,65.47388
65,66.216
64,63.760742
71,69.246605
63,63.127724
67,67.51615
65,64.20038
66,65.29954
65,64.44096
68,67.93207
64,63.2928
66,65.94808
66,66.142715
63,62.55125
66,65.40599
63,61.232197
58,57.891243
77,76.416664
52,51.81072
64,63.460716
70,69.286835
68,67.88021
77,76.88876
69,68.24964
72,71.0229
65,64.38031
65,64.97571
62,61.868187
77,76.22723
71,71.52124
55,54.897186
60,58.85805
76,75.812675
53,53.34935
66,66.69561
74,73.11185
75,74.901695
67,66.45423
63,62.666107
73,71.59769
65,64.62212
69,67.51522
71,70.23259
55,55.371944
63,62.15966
66,66.2171
61,61.113956
57,55.94759
64,63.195133
56,55.50931
81,79.83787
66,65.58226
54,54.14297
58,58.19561
69,67.9126
69,68.78142
74,73.693695
62,61.954727
78,77.38566
62,61.08767
54,53.827015
68,67.51736
63,61.236572
71,71.369934
72,71.58373
55,54.70706
70,69.61166
69,69.317
66,65.60893
59,58.142117
70,69.9441
53,55.29473
65,65.118324
70,69.02146
66,65.30022
65,64.59774
65,65.08437
67,66.42311
71,69.81211
65,64.54397
72,71.88945
60,58.660084
75,74.521996
65,64.28392
68,67.56057
77,77.59037
67,66.33025
61,60.812244
76,74.77475
60,58.90903
70,69.4688
67,66.20501
67,67.15834
70,68.08848
62,61.95545
60,58.065094
66,65.770294
55,53.93748
68,67.611824
56,56.642635
68,67.02605
61,60.231247
61,60.415257
52,51.23705
65,64.78279
66,65.19172
65,64.17534
66,65.843254
74,72.919044
66,65.6897
61,60.119503
69,68.77545
71,71.04058
59,59.823406
62,62.2842
71,71.01524
53,52.64561
66,65.792015
66,65.37743
77,76.54665
65,64.55975
75,74.46571
66,65.62915
65,64.40768
65,64.18372
78,77.07217
72,71.69613
65,63.22068
71,70.758095
65,65.100204
65,64.10933
74,73.07079
65,65.0897
61,60.731533
79,78.47835
74,73.62756
72,71.02403
65,63.749428
59,59.714424
71,70.17933
65,64.5808
83,81.14532
48,49.276115
67,66.430244
58,57.725956
72,71.3987
62,61.692875
65,65.79308
64,62.898224
67,67.028786
68,67.600914
70,70.083725
61,60.159977
64,64.07743
64,63.433743
67,67.067444
71,70.66757
57,57.18881
76,75.34001
47,48.878105
72,72.0519
69,68.79538
67,65.52013
89,87.98359
60,59.284435
72,71.98038
60,58.823215
50,48.92842
62,61.307056
70,70.90681
56,57.073677
64,63.004967
61,61.534317
73,72.97482
70,68.52285
90,88.84724
62,61.898746
58,54.602966
70,69.75665
56,55.96444
70,68.8461
61,60.164948
67,66.92409
63,62.467354
63,62.10803
72,72.63308
70,70.2429
58,57.88331
60,59.55086
59,58.236065
71,68.7935
69,67.41575
64,63.85304
53,53.18704
72,72.391426
71,69.52907
51,50.939068
68,67.71317
53,53.26056
67,66.52858
68,68.958466
61,60.990868
66,65.68975
68,67.34093
56,55.375248
71,69.21018
79,77.88822
63,63.23122
65,64.88074
67,65.89824
70,68.63894
58,56.835518
65,64.785934
69,68.5291
69,67.29777
73,72.05223
67,65.50387
54,54.709854
73,72.462494
75,74.47849
67,66.54055
53,53.09529
64,64.05952
54,54.862453
67,67.60734
56,55.34209
56,55.21953
66,65.35692
59,58.638435
73,72.76018
56,56.63472
66,65.95021
60,59.046806
66,64.240814
61,60.606625
53,53.267868
71,68.84058
75,74.752846
75,76.0678
75,74.623955
62,61.80723
75,73.03433
79,79.35402
60,58.95669
60,60.578373
69,67.9628
76,75.31264
64,63.141468
66,66.682045
71,70.46048
69,67.77263
62,62.75177
54,53.25599
68,68.5653
61,60.519527
59,57.676815
57,57.382664
71,69.70588
60,59.177933
69,68.894966
57,58.74892
74,72.47514
77,76.463875
64,62.903717
62,61.756195
82,80.93109
66,65.805
66,65.93971
71,70.27005
61,60.540947
52,53.350815
58,58.42017
63,62.76513
73,72.52807
76,75.24806
67,66.03546
71,70.14451
63,62.71665
60,59.159336
75,75.2091
60,58.83089
67,67.14452
52,52.020023
64,64.21709
70,69.743774
70,69.08979
62,62.893738
71,70.530846
60,57.75317
53,52.134624
54,54.45123
69,68.12671
68,66.70786
58,56.584576
65,65.05538
69,68.528885
65,65.6523
78,78.02919
65,66.13267
69,68.884445
63,64.32524
61,60.651894
71,70.6987
69,69.5096
60,58.751022
59,58.539787
66,65.45787
59,58.571045
61,59.345623
77,76.48181
54,55.355755
68,67.75343
76,75.44173
64,63.4134
66,66.86366
60,59.47242
63,63.462963
65,64.40781
69,69.25115
63,62.474163
56,55.161716
51,50.769592
70,69.04068
60,60.05043
63,63.733414
60,59.19195
74,74.17929
62,62.065277
77,76.51411
76,75.73756
63,63.083195
68,67.199356
64,64.14283
63,62.199375
59,58.699245
67,66.2036
67,66.98516
51,52.165337
63,63.060165
66,65.62667
66,64.69982
73,71.786385
76,75.42217
64,63.31253
68,67.72678
68,66.74154
72,69.65551
67,66.867294
75,73.75104
66,65.42378
58,56.47339
61,61.20243
63,63.16948
64,63.5798
55,54.967533
75,74.69534
75,75.57307
66,66.2105
63,62.59946
71,70.50197
54,53.54954
61,60.44517
59,58.059452
57,55.45564
52,52.56682
62,61.299366
63,62.511166
72,71.66554
65,64.70646
67,66.794014
65,64.01743
72,72.0202
71,70.57201
58,58.078617
74,73.70722
62,61.541306
63,62.57757
67,68.42402
59,58.62259
61,62.303356
74,73.55693
75,74.41946
53,52.970875
62,61.222797
71,71.54312
65,64.061
53,54.405266
58,57.947712
67,66.78078
70,69.76614
60,60.2898
63,62.398758
61,60.10165
64,64.1915
54,53.80332
63,61.739513
66,64.78369
80,78.82342
87,85.57159
70,70.91169
60,58.91901
71,70.10927
78,77.174034
60,59.710865
62,61.7541
59,58.619
70,69.354355
69,68.77679
55,55.468063
76,75.72945
66,65.45474
73,72.63518
61,60.349422
69,69.029816
58,56.51044
58,57.65439
61,60.396255
61,59.707287
71,68.82132
85,84.13794
77,76.958725
60,58.670887
65,64.270615
53,52.582253
58,57.55831
61,59.870716
73,72.5724
62,61.376614
68,68.50623
66,66.86349
62,60.721226
61,60.837437
73,70.13624
62,61.421726
68,67.143906
60,59.36029
70,70.04312
58,57.665512
64,63.48357
58,58.17434
65,63.54885
65,64.111244
67,67.5189
64,63.36207
67,67.912895
61,61.961742
59,58.768593
66,65.73822
61,61.401722
64,63.37398
66,65.14973
57,55.911
61,60.924778
66,66.268875
64,63.650375
65,65.092415
65,65.3463
71,70.94968
69,68.55451
69,67.817085
60,59.453384
70,69.1582
64,64.42318
56,55.509197
61,60.013336
63,61.86599
54,53.193165
64,62.94028
68,67.78902
77,77.105515
56,56.73654
63,62.754055
66,65.66626
64,63.509457
60,59.480522
72,71.98524
63,62.326626
59,58.323643
68,67.079895
77,76.57831
70,68.84599
70,70.00168
64,63.26364
63,62.52318
70,68.8643
51,50.96714
78,77.92528
71,70.271095
66,63.572872
73,72.58825
66,65.62259
68,67.76508
67,66.61638
69,67.89844
59,57.913086
74,73.88494
69,67.99855
72,70.53563
61,62.194042
77,76.27715
70,69.94144
60,59.37214
68,67.435265
65,65.11087
66,65.76415
71,71.072044
52,52.020363
74,73.663635
70,69.68421
62,62.078403
64,63.617058
75,74.76028
60,61.131912
59,58.32984
69,67.18874
66,65.370575
61,60.00997
69,68.5244
63,63.025913
61,60.910583
61,60.48108
55,53.69653
82,81.11085
70,69.88207
70,70.01592
79,78.75502
66,65.61816
81,79.969475
53,52.913643
64,63.429302
71,70.46317
74,72.67881
69,68.18096
61,62.69043
74,73.640144
63,62.690018
69,68.21082
71,69.49343
60,59.407364
78,75.83512
67,67.67701
56,55.70224
55,54.836784
49,48.8324
67,65.12301
73,72.26816
67,66.40494
61,60.688087
62,62.40712
81,80.13872
64,64.27241
61,60.503716
56,56.195976
67,67.67156
62,61.63369
67,66.60426
56,55.962036
57,56.61617
70,69.04432
51,50.75177
65,64.754776
64,64.45541
62,61.077576
55,55.300762
59,58.707027
68,67.64098
60,58.69338
68,67.19513
58,59.160706
63,62.44501
72,70.780655
54,53.507404
65,65.4479
72,72.0512
62,61.55307
63,62.866184
65,64.90531
75,74.45652
72,72.4063
64,63.260685
70,69.97901
71,70.3269
72,71.62706
64,63.06561
60,58.130386
60,59.23746
71,70.44608
60,58.824173
58,57.81705
61,60.31354
73,72.62075
65,65.16228
60,59.308605
75,74.56001
66,65.28188
67,66.95388
57,57.884434
67,65.13709
67,66.16334
71,68.908516
65,64.1642
49,48.3907
66,64.79486
71,70.51114
61,60.532238
61,60.390034
68,67.699036
76,74.905235
63,62.641216
60,59.37841
65,65.36412
66,65.658714
74,72.54837
73,72.362076
64,63.994343
71,70.007965
75,73.92514
59,57.374733
68,68.64589
78,78.096176
57,56.66982
68,67.31598
81,80.28497
67,66.78885
73,73.29045
71,69.57361
57,56.475765
66,65.43506
62,61.68766
60,59.427784
63,63.174713
69,68.01061
62,62.954693
59,59.01948
57,57.009514
52,52.028397
87,84.89966
58,56.31882
81,79.805435
53,53.934753
63,61.991478
57,56.40281
61,59.945667
62,61.95029
82,79.75952
70,70.06654
59,57.959404
69,68.36153
69,68.075966
75,74.31924
59,58.734406
66,66.19737
71,69.75132
64,63.438377
77,76.29978
66,65.727066
62,61.483395
72,72.14926
58,57.74391
66,66.1148
51,52.77847
67,66.801704
62,61.80096
60,59.22891
69,68.96029
55,53.18342
69,69.038055
71,70.31069
60,60.0624
61,60.547623
70,69.562515
65,64.76611
67,66.47195
56,56.62235
65,64.474495
57,56.739483
73,73.043526
55,54.706852
53,53.475357
55,55.646
71,69.35752
67,66.789406
64,64.07418
59,59.39634
62,61.529663
74,73.70095
64,64.09869
64,63.434967
60,58.913322
78,77.67254
67,66.40727
64,61.737392
71,70.38392
85,83.754944
70,69.45451
66,64.27868
70,68.26255
65,64.73629
81,80.55239
66,65.08228
64,63.717117
53,52.393456
57,55.14121
74,72.91278
68,66.82996
60,59.20215
59,58.276413
60,60.159122
71,70.417145
66,65.94114
82,81.24583
68,69.386
62,61.6866
72,71.64787
64,63.787178
84,82.63941
65,64.87676
65,64.74653
69,69.27292
69,68.467964
62,61.29542
65,64.2821
63,62.607273
75,74.930916
59,57.05195
66,65.49599
75,74.9896
80,79.8924
70,70.11739
61,61.073246
62,61.407227
63,61.64093
62,61.853848
59,59.315395
64,63.28932
65,64.32978
56,55.551487
66,66.0248
69,67.840385
48,49.027527
68,67.19236
63,63.52869
71,70.87436
66,65.471275
61,60.989525
66,66.031235
83,80.864334
66,65.90962
81,81.26089
68,67.092865
65,64.489426
61,61.6678
80,80.29406
69,68.90838
78,75.93069
79,78.84702
64,63.143604
58,58.894997
63,62.867226
64,64.28931
58,58.42616
69,68.059204
61,60.37904
61,61.716385
72,71.17053
66,66.49411
58,57.087532
69,68.51798
72,71.77469
61,61.00427
62,62.176052
69,67.75322
68,66.84151
64,63.542446
63,62.97359
52,52.01882
62,62.380013
64,63.515305
66,64.90203
55,54.184093
68,66.59488
68,67.17166
59,59.198097
54,53.149807
63,62.39956
66,65.287735
70,70.50978
75,75.10597
62,63.068
57,56.35522
57,55.975952
73,71.931595
60,58.392517
73,72.35393
62,61.55945
58,57.936794
70,68.49479
64,64.04557
70,69.74438
63,62.645264
62,61.565346
65,66.11367
62,61.34596
62,62.38541
57,57.249718
61,60.85581
69,67.65255
67,66.33491
60,58.77225
74,73.67893
59,57.997044
61,59.799038
65,64.74965
62,62.008244
65,64.84164
73,73.08955
66,65.76683
64,63.79193
67,65.983955
62,60.027004
63,64.202774
63,62.58811
69,68.97331
70,69.74312
62,61.260815
66,64.9178
56,55.516163
66,65.35674
63,62.323772
73,72.48499
69,68.344986
65,65.01529
64,64.81627
60,59.461754
61,60.935616
60,59.080032
68,67.48824
65,64.56826
62,61.73672
75,74.7007
65,65.11099
64,64.04872
61,61.076702
66,65.7299
62,61.567436
62,61.585052
71,70.48087
63,61.45521
71,70.49585
68,67.8068
62,61.572575
75,74.11753
68,67.11325
66,66.543434
66,65.71028
64,63.456486
74,73.57797
60,59.149883
54,53.55545
68,67.77779
70,68.93119
65,64.18781
65,65.21169
56,55.350945
60,59.78603
52,52.710876
65,63.982067
60,59.456005
56,53.354675
63,62.617218
74,73.791725
62,68.96808
50,49.34014
57,55.871307
63,63.565643
68,67.10319
68,67.688095
72,71.5593
60,57.297974
49,51.87504
64,62.792828
71,68.74529
65,63.82516
60,58.069714
57,56.90962
75,73.89892
58,56.60986
53,53.228596
71,70.86647
70,69.252174
75,74.642075
55,54.99382
66,65.25496
74,73.82929
66,66.39477
63,62.84107
60,57.659344
61,61.152527
67,66.764595
68,67.441154
70,69.78883
75,74.45202
51,50.58155
78,76.44545
58,56.168274
63,62.561874
73,73.00988
61,59.618523
80,78.98644
63,61.913692
73,72.49056
65,64.43594
60,59.75223
57,57.862232
65,64.04054
65,65.21454
74,74.01026
62,61.95392
57,56.967457
74,73.09821
70,69.328865
64,64.069405
71,67.49229
69,68.61948
64,63.50905
70,69.8068
68,67.09738
63,63.051693
77,77.11878
73,71.79454
63,61.389915
55,55.31813
66,66.543076
66,65.85451
71,70.43897
64,63.58109
66,65.979675
70,68.47795
67,65.590645
51,51.04111
65,64.872665
74,72.74275
68,69.2855
56,55.634457
66,66.42468
67,66.77582
66,65.50261
72,72.80832
71,70.48545
58,58.269577
77,76.98764
81,81.32119
66,65.187775
71,70.7437
66,65.6737
62,63.08347
71,70.3538
61,60.445538
66,65.877045
51,51.61452
88,87.23824
58,57.745316
63,62.321598
58,59.747528
52,51.736164
66,66.01872
74,73.89045
71,69.25814
73,72.35664
70,68.529854
65,65.1022
74,73.49311
50,49.09528
66,66.1292
64,63.864197
62,61.683594
73,71.913315
50,48.910454
65,64.711395
63,63.25069
65,65.03259
61,61.009678
57,57.281227
61,60.611763
66,64.71983
64,63.22509
67,68.10021
64,63.78525
71,70.65688
56,56.278522
60,58.970425
76,75.48268
64,63.857395
62,63.0408
67,66.66009
67,66.79883
68,67.84483
74,73.10336
61,60.239033
75,74.799446
52,53.666687
80,79.43962
69,68.67095
63,63.008156
61,60.25644
66,66.19656
64,62.898144
85,84.58118
67,66.09794
61,60.59086
69,68.70237
66,65.173386
69,68.10355
56,56.328426
66,65.19533
62,62.390945
67,66.332184
62,61.37859
75,75.087456
66,65.78
56,55.31819
59,58.219475
63,62.640877
63,61.437862
67,67.16836
74,74.272064
55,55.072563
85,84.61406
58,57.21754
72,71.5977
62,62.029602
69,68.93192
63,63.054165
79,79.68869
74,73.37534
69,68.22649
57,54.970547
72,71.54871
49,48.98247
64,63.654972
64,63.00623
62,62.62656
64,64.290886
72,69.75676
70,69.85642
66,65.658394
60,60.025112
53,53.114536
67,66.95646
63,62.797325
57,58.26535
70,69.21517
58,56.982197
70,69.413475
71,70.97178
80,78.24294
67,66.17578
68,67.76313
69,68.76264
75,74.103485
75,74.42733
68,66.99871
61,60.382553
83,81.21935
70,69.17683
72,70.94303
72,70.65981
69,68.22514
69,68.76873
61,61.6678
66,66.455
65,64.78117
63,62.398766
66,66.659706
64,62.298
76,75.52549
62,62.0011
78,78.11378
66,65.4376
62,59.395382
61,60.31077
64,61.86258
67,66.7084
61,60.15251
66,64.95543
60,59.643803
78,77.13651
78,78.07401
71,71.64636
53,53.72302
69,68.25617
74,73.43936
72,71.49076
56,55.61801
79,79.184326
58,57.769207
68,67.79887
71,70.13522
75,75.06603
61,59.629036
63,62.41663
58,57.605797
75,74.6345
77,76.17984
56,56.393646
58,58.039253
69,69.02633
69,67.96846
62,61.40205
65,64.906555
68,68.00098
64,64.22485
72,71.54074
65,64.64017
67,66.706245
70,71.32089
70,69.11456
67,66.26072
76,75.74542
60,60.056667
69,68.6168
65,64.36553
62,61.683014
65,64.24378
61,60.272087
64,63.93667
70,69.936005
68,67.28018
69,68.22294
65,64.41958
65,64.193405
70,70.0688
58,58.239594
72,71.48745
68,68.01315
67,66.35494
50,49.880764
61,60.675613
50,50.774414
58,58.56361
65,64.132996
63,62.478615
75,73.82811
70,68.684784
69,68.465805
60,59.059204
59,58.854824
59,58.86492
62,61.896496
68,67.03994
52,50.98659
60,59.424606
73,72.07459
69,68.5027
58,57.258343
62,62.137516
65,64.4615
60,59.0694
63,63.23483
55,54.4228
75,74.54251
52,51.799755
70,70.97697
74,73.8517
78,77.96007
77,77.25823
68,68.04031
52,51.9839
62,61.718105
72,71.82999
57,56.39513
62,62.29927
59,60.040977
69,68.5845
68,67.42328
66,65.8081
69,69.36914
72,71.39968
58,58.11005
66,66.717865
66,65.68256
52,51.728714
52,52.859684
73,72.52762
70,69.10479
74,74.19073
65,64.83899
67,66.62225
68,67.57857
58,58.110985
70,68.94671
66,67.88512
69,68.67819
71,71.16757
61,60.862244
62,60.8538
60,58.81847
70,69.98283
72,71.71089
67,66.891335
60,60.48482
71,71.91972
55,55.593555
75,74.86724
67,67.4607
54,53.371067
72,71.5534
55,55.012505
64,64.38803
64,63.49351
65,63.955936
63,63.2542
59,58.72734
70,69.71277
72,71.82161
87,85.56837
79,77.96093
67,66.47904
84,82.82581
67,66.93425
70,69.15721
62,63.03684
62,61.942448
55,54.426525
58,56.30608
61,60.68284
67,66.763504
62,62.387154
67,66.70519
68,67.774284
74,73.80918
69,68.32945
67,66.470276
69,68.91833
54,54.292698
61,60.809223
67,66.362
71,70.693954
74,72.78488
54,51.93092
75,74.91672
70,70.43539
64,63.549183
68,68.07567
58,58.310696
61,62.453003
60,59.298706
66,65.72991
58,58.463486
67,66.31365
64,63.885113
61,61.391766
58,57.72725
67,67.31653
70,69.45248
53,53.635445
63,62.519352
73,72.57186
80,79.135254
74,73.7411
65,63.27278
65,64.14217
62,61.544086
50,48.83541
81,79.1726
74,73.830826
63,62.52031
80,79.145256
53,53.15175
56,55.551056
72,71.29029
63,62.696297
60,59.141087
79,78.40921
89,87.79275
65,64.862686
64,63.442177
66,65.795044
72,70.10768
71,69.25568
69,67.25786
81,80.83107
75,74.54722
76,75.42842
68,67.85709
68,67.690285
76,74.93303
67,66.42373
73,72.36269
67,66.77924
67,66.509705
63,64.644035
74,73.580086
78,77.442024
74,72.8381
70,69.23554
60,59.55045
71,69.91779
69,68.70984
63,61.88653
76,75.74629
64,63.830475
74,73.45271
54,55.54091
79,78.87765
82,80.772995
73,72.2826
69,68.33577
78,77.76897
54,54.842518
60,60.40446
58,58.02731
62,61.481956
74,73.132706
61,60.97797
64,64.32296
56,57.127083
85,83.677536
67,66.56116
76,75.56888
63,64.402824
65,65.40212
57,56.94015
74,73.990364
70,69.788536
57,58.001225
69,66.831345
63,62.014236
59,59.918167
59,58.937214
64,63.75714
63,63.539227
74,74.53765
55,56.748505
62,60.367188
71,69.74983
48,48.977074
72,72.335335
58,58.451733
65,64.49819
59,58.160107
51,50.562965
76,76.47655
65,63.365517
73,72.014465
61,61.00145
62,61.50912
65,64.22566
54,53.53895
77,76.683426
50,49.09859
66,65.63852
62,62.71237
61,60.86695
52,51.713863
61,61.918427
66,65.80051
72,71.74643
60,59.152954
65,64.3008
69,68.26076
80,80.618965
61,59.024174
68,65.57476
64,64.55937
65,65.00644
76,75.8651
69,68.23593
61,60.960457
66,65.80929
71,70.11578
56,55.666485
64,63.647106
67,66.27108
60,60.331127
74,73.93161
73,72.56229
67,66.31469
61,60.53552
65,64.61432
64,64.58977
63,62.403034
62,61.54186
83,82.9173
52,52.42196
57,57.306374
64,63.636215
69,68.65758
65,65.27813
55,54.877106
68,67.626884
68,66.70313
65,63.489735
66,65.3744
62,62.616386
55,56.484955
79,78.50309
62,61.46039
59,58.46487
68,67.41335
77,76.0428
66,66.39198
71,68.051
54,53.84756
56,55.881542
79,79.080086
68,67.66691
68,66.59347
69,68.25045
66,65.1363
62,62.2089
70,69.78925
62,61.992176
56,55.76002
65,64.80741
68,67.80432
73,73.39976
58,58.839027
60,58.942375
60,59.846695
68,68.15863
72,72.117676
67,66.86349
67,65.67487
63,62.568096
66,65.81226
66,66.77561
67,67.1002
67,66.757935
68,68.282074
68,67.66402
68,67.03354
71,69.84876
75,74.48803
61,60.78596
70,69.93706
55,55.315926
67,67.24941
65,64.43977
68,66.468376
59,58.735798
80,79.52567
68,67.10419
76,75.712456
71,70.1292
68,67.535225
70,69.55845
57,56.00137
61,60.367847
63,62.703228
67,66.449905
66,65.278694
73,73.014694
60,60.37306
58,58.384666
71,70.86828
66,65.802765
66,65.45774
67,67.29666
74,73.89654
68,68.00283
67,66.49956
66,65.05921
53,53.19911
59,58.14144
64,63.316086
71,69.82595
51,51.352154
70,69.37496
74,74.24511
70,70.07114
58,57.97246
65,63.987152
73,72.92354
65,63.99031
56,55.58377
67,66.72024
68,67.46476
63,63.168472
70,70.16738
53,53.1311
63,62.224636
52,51.82347
60,59.102333
63,62.721348
70,70.68136
56,56.74251
72,71.57889
52,51.867985
67,65.02606
64,63.02646
64,64.61076
67,66.57435
62,62.469463
68,67.523224
66,65.50709
83,82.56519
73,72.01047
76,75.157555
52,51.81851
74,73.42305
77,76.676575
72,71.3317
60,59.06298
64,63.881176
70,69.25615
63,62.523716
84,82.56786
70,68.68805
65,62.792065
60,60.141846
80,79.47453
66,65.61096
62,61.65003
62,62.104073
74,72.69328
65,64.52269
67,66.90369
70,69.83462
58,56.729984
69,68.75439
73,72.30911
64,63.552883
63,62.494705
62,62.33102
70,69.83835
51,52.34747
74,73.613525
59,57.54068
65,64.33859
72,70.8751
62,60.984196
75,74.277275
58,57.37015
70,69.06972
51,51.127903
72,71.96933
69,69.068695
67,67.05799
63,62.9722
64,64.16597
67,66.079895
59,59.04382
61,62.001617
71,69.48699
73,73.04913
63,61.706497
67,67.32391
63,62.466175
66,65.03054
72,71.44435
63,62.860546
65,64.91325
64,63.425335
69,68.5599
68,67.7121
71,71.558136
60,59.29951
74,73.91048
66,65.804794
55,56.146126
64,63.622803
70,70.54279
55,55.589153
50,48.960266
72,72.01877
79,78.843346
71,70.381325
53,53.52198
59,58.37189
66,63.440285
67,66.459595
58,58.47438
64,62.68674
67,65.99473
67,66.79099
61,60.888737
77,77.16852
54,53.384777
68,67.445625
66,65.64513
55,54.78801
77,76.98788
65,64.495255
71,70.9495
71,69.293434
63,63.085114
64,63.831394
64,63.588577
72,71.23058
69,68.12633
70,69.91528
65,65.65468
60,59.690346
68,67.61761
70,69.80991
65,64.85222
74,73.27741
56,53.878418
62,62.01514
64,63.196007
76,75.54724
60,60.57737
70,69.4071
68,68.25333
77,77.27567
72,70.96469
71,70.08118
61,60.16898
72,70.94823
73,72.41049
59,57.471485
70,69.864075
63,63.76234
64,63.54637
82,81.315895
69,68.9014
66,65.12919
69,68.80508
65,63.876072
50,49.20802
62,61.67268
60,58.947727
74,73.337204
78,78.452194
65,65.2847
62,62.409
56,56.67333
60,60.307774
64,63.496956
77,76.29746
66,65.24621
69,70.032814
67,66.393585
73,72.77123
56,54.991653
70,68.817566
72,71.33459
63,62.069115
74,72.89491
69,68.03512
72,70.623886
67,66.72964
69,68.93463
55,54.017693
68,67.5972
65,64.71937
63,62.37556
68,67.94477
73,73.396515
69,69.75498
65,64.44664
80,79.84109
72,70.63757
69,67.79429
67,66.61546
65,64.61047
64,63.54632
54,53.396267
64,63.137657
68,67.18441
58,57.68349
63,62.36885
66,65.02723
72,70.27067
60,59.410713
60,59.51656
67,66.51089
58,57.964676
63,61.322277
66,64.286934
59,58.82608
65,64.839775
65,64.72751
70,69.11121
72,71.95997
68,66.80822
65,65.22942
69,68.02701
63,62.17014
58,58.778824
63,63.392757
65,64.69914
63,63.28557
79,78.69471
75,74.98456
73,72.01567
61,61.084576
58,57.19567
67,66.67945
59,57.250732
60,59.91839
69,68.11585
75,74.642235
71,69.55
69,68.394936
66,65.38071
71,70.04359
64,63.752033
53,52.694984
64,64.23358
63,62.75297
72,71.60175
75,75.42347
69,68.48607
63,63.013355
68,67.636215
62,61.36171
72,70.72131
62,61.26814
65,64.1729
58,57.64886
62,61.78719
58,58.169758
68,67.29062
61,60.66863
65,63.714035
65,64.419556
69,68.47274
80,79.50801
72,70.946785
57,58.50105
78,76.80119
78,77.477036
71,70.37401
73,72.45855
69,69.09551
70,69.31913
65,64.91322
66,65.493195
64,65.29954
65,64.22264
51,50.78587
66,65.500496
72,71.350525
66,65.68381
66,65.66073
65,65.089745
82,82.40909
73,73.07651
66,64.90662
70,69.7921
72,71.846466
55,53.774208
65,64.74423
59,59.752777
67,67.497826
71,71.02155
64,63.948105
62,61.520405
60,59.38093
67,66.78057
70,69.58076
74,72.382416
55,54.36879
70,70.3097
69,68.64549
69,67.82562
66,64.750046
73,72.393005
67,66.332085
59,58.715843
65,65.8917
80,81.305534
59,58.593395
78,77.994995
69,68.79202
65,63.966904
68,67.589874
67,67.081154
69,68.97707
71,69.46484
77,76.49353
59,58.714638
55,54.218853
62,61.60437
67,65.41322
66,64.78033
52,51.787754
63,61.543385
66,65.607704
66,65.52339
65,64.0767
59,58.843517
68,67.36939
77,75.96343
68,66.64918
60,58.878304
73,73.01891
69,68.84505
74,74.279106
69,68.43441
72,71.66795
62,62.11439
71,69.15913
65,64.958496
76,75.24372
52,51.854805
84,83.27871
56,55.221855
75,74.77739
66,65.85662
66,66.143
55,55.100643
77,77.11476
64,63.59137
55,54.889038
67,66.30923
62,62.212784
65,65.58322
66,68.35437
67,67.158485
70,70.02516
59,58.677597
64,62.807415
65,64.794136
58,58.13678
75,74.58888
63,62.247528
62,61.56975
62,62.95001
64,62.755135
58,56.741398
60,60.22707
62,61.690056
72,71.47099
55,54.49407
67,66.27141
66,65.04097
70,70.24695
59,59.26257
64,63.901012
75,74.744354
52,52.88547
66,65.66001
65,64.01866
56,55.369
68,66.79125
68,67.12101
62,61.085842
73,72.07056
64,64.049736
66,65.07629
61,60.53051
66,65.21347
62,60.96416
71,70.54549
60,59.285072
70,69.48835
71,69.82109
64,63.849747
69,68.6533
68,67.614555
62,61.007114
71,70.21081
55,54.796295
69,68.91585
82,81.003075
61,60.939037
65,64.44812
69,68.85957
69,68.00698
62,61.723846
67,67.073395
70,70.326836
69,69.67527
61,61.435112
62,60.426273
62,60.608467
60,59.282337
56,55.561028
71,70.24984
64,63.757267
65,64.45212
65,64.613174
70,68.17134
67,66.25293
62,62.30015
53,52.085876
58,58.41277
75,74.90059
66,66.08772
78,77.57704
65,64.58363
69,68.65594
61,60.523926
65,65.384094
61,61.68141
58,58.898182
63,62.563713
54,53.661777
67,66.30328
67,66.1447
72,71.86975
72,71.397224
73,72.481674
66,64.61188
65,64.28395
70,68.774284
53,53.322598
62,61.5485
75,73.7823
76,75.350624
60,57.8117
61,60.479813
66,65.684166
66,65.203766
73,72.86364
80,78.1182
58,55.99267
70,70.0512
65,64.490685
69,68.67224
66,65.29422
66,65.17407
55,52.629646
67,66.549934
67,66.05804
59,58.65705
65,64.54853
72,71.589935
76,75.77068
63,62.802475
52,51.769653
63,62.69203
66,65.9593
65,65.289246
75,74.31719
65,65.06795
58,57.158848
65,64.5613
66,66.04686
57,55.45963
76,75.45867
65,65.26825
71,70.16484
68,67.52934
62,62.629055
68,67.25029
72,71.57262
80,78.80506
75,74.50062
63,62.441246
53,52.255806
59,57.176586
60,58.045734
67,66.689674
64,63.46581
73,73.9461
69,67.77638
59,57.878105
76,75.95365
56,57.079693
59,58.882385
67,66.628624
61,60.778263
79,77.94459
65,63.812668
71,70.54531
54,54.59366
66,64.54913
68,66.701454
75,74.54368
69,68.59742
59,57.932735
60,58.437576
63,62.982494
63,62.554783
72,71.78325
64,63.81812
58,57.696022
77,77.00691
79,78.07562
79,77.85722
79,78.503685
52,51.993416
60,58.920944
64,63.362427
67,67.370384
67,66.11042
72,71.66557
68,67.803604
59,58.81427
62,61.874985
78,77.39497
63,61.474907
74,74.086075
62,61.705456
65,64.26321
74,73.54698
70,70.544365
60,59.404472
74,73.39707
70,69.83466
62,61.019753
65,64.67705
74,72.525955
69,67.02427
78,77.47914
58,57.54033
59,60.311546
71,70.0975
58,58.43067
69,68.51359
67,66.13147
67,67.22892
72,71.51981
79,78.14384
67,67.693
64,63.943768
61,61.314667
56,55.988804
66,66.10469
78,77.473724
58,57.858437
59,58.535244
69,68.082405
60,58.648415
70,68.37628
70,68.935425
70,69.78082
68,66.94045
66,66.26019
57,56.616455
70,70.124374
57,55.841194
62,62.310276
76,74.928795
72,71.00296
64,63.160316
71,71.1682
67,66.782906
59,58.5604
69,68.4692
56,55.042492
74,74.07918
70,68.94062
62,62.0467
68,67.22662
79,78.59559
75,74.05578
67,66.47215
62,63.080692
74,73.497444
73,72.30532
53,53.190895
63,62.454224
72,71.71682
57,56.554634
65,63.84799
61,60.062897
74,73.675
66,65.919014
62,62.018684
66,65.635735
58,59.05345
52,51.32099
73,72.52769
64,65.51019
49,49.06296
71,68.57351
68,67.839
65,64.5341
68,67.12848
76,75.13445
51,49.149143
56,54.943604
72,71.55582
69,68.16449
65,64.86
63,62.372734
77,76.34155
64,63.945354
61,61.087273
50,49.128143
63,63.39383
64,62.87022
76,75.38436
64,64.07322
51,48.96194
56,57.386402
72,71.55584
71,69.72654
58,56.369694
81,80.4351
65,64.10033
66,65.58536
62,60.99688
59,57.92919
72,71.90373
67,66.10359
63,62.925976
68,67.00586
71,69.95887
67,66.58273
74,73.40492
64,62.973537
57,56.61958
64,63.95787
67,66.90156
61,61.206898
65,64.66681
65,64.57023
67,66.637085
66,66.57104
66,65.49878
61,60.352505
63,62.777267
65,64.726616
65,64.2789
71,69.44161
55,55.28197
69,68.052315
64,63.73268
54,54.00881
63,63.562176
62,61.943634
60,60.092773
68,67.81838
64,63.455185
70,69.47511
83,82.09177
77,77.488174
66,65.69817
56,54.217175
71,70.37291
61,60.48101
53,53.199715
63,62.23078
67,66.53657
75,74.07721
54,53.467106
68,67.8635
67,66.04007
67,67.04641
74,73.0663
67,66.0931
60,57.449604
64,63.157078
62,61.570435
67,65.87679
63,62.482624
63,62.411797
55,54.755943
67,66.29314
75,74.61365
61,61.216373
62,62.49302
65,63.309937
57,56.019043
70,69.184784
67,65.42526
61,60.57688
69,68.600555
77,76.22436
68,68.358826
70,69.53583
69,68.63839
57,56.273575
74,73.65942
60,57.719467
63,62.109646
64,63.05883
64,64.47733
60,58.900494
77,76.14675
73,72.167854
60,59.380013
58,58.42387
71,70.606834
68,68.07894
68,67.84131
65,64.87253
66,64.93719
68,67.883484
73,72.880775
69,68.73386
61,60.738815
65,65.20794
61,59.4961
72,71.48419
60,60.602276
63,63.363186
70,70.108604
65,64.54198
63,63.51166
73,71.88813
58,58.65354
58,58.750473
75,74.8297
62,61.840996
71,68.984375
73,72.74198
68,67.07937
58,57.412834
78,78.24449
54,51.30381
62,61.155075
57,56.695766
65,64.86915
70,69.66095
72,71.191956
66,65.828735
54,54.82057
74,73.841225
60,58.761444
72,71.70543
74,73.624695
73,72.80285
71,68.99967
61,60.525993
57,57.659737
66,65.75172
65,64.193756
63,62.460194
65,64.3908
70,69.29349
74,73.239296
51,50.225983
72,71.19084
73,73.15176
75,74.58867
54,53.34235
67,66.41754
72,72.82594
67,66.39908
69,68.24133
63,61.596954
66,65.63903
66,65.93547
57,56.620983
69,67.952835
67,66.8812
55,53.83796
64,63.497967
67,66.87523
68,68.00061
67,66.55028
70,69.49187
84,83.01608
63,62.710835
62,61.36705
51,51.018734
63,63.556427
51,50.712086
63,62.931416
63,62.292877
53,53.00031
59,57.915363
75,75.13756
63,62.451126
66,65.2239
69,68.08177
67,66.96767
62,61.396976
68,68.29922
74,73.34207
56,55.83257
65,65.02079
70,68.874535
60,59.416603
77,77.58784
71,70.1092
52,52.158035
66,66.03895
60,59.29305
65,64.35968
76,75.07621
77,76.07114
72,71.3888
66,66.53022
55,54.636887
64,63.86156
72,71.13995
73,72.76444
58,58.175976
65,70.25154
69,68.56707
72,71.589355
63,61.68834
57,56.415226
74,73.05571
69,67.56037
77,76.17101
70,70.07672
62,60.986164
72,70.928
58,58.426292
59,58.208466
63,63.27154
74,73.07027
69,68.65697
63,62.75214
66,65.27393
62,61.71409
69,68.52693
58,57.99431
60,58.480747
54,53.983143
62,61.76242
81,80.62625
64,63.338276
64,63.760204
61,60.99162
57,57.04233
65,64.75962
60,59.45688
61,60.486053
59,58.4981
70,70.10144
70,69.601074
66,65.841446
70,69.69344
60,59.12639
70,69.021065
68,67.41832
58,57.78898
68,67.449326
63,61.325363
69,67.76674
72,71.517975
63,62.94681
69,68.83523
62,61.547386
62,59.463966
60,60.638554
61,60.89043
66,66.571884
72,71.536026
71,67.07654
82,82.55888
51,50.816116
70,69.96405
71,69.22214
61,60.774017
59,57.925003
69,68.034134
66,64.761665
68,66.75528
63,62.535187
73,72.061005
70,69.66669
63,62.63612
74,74.834915
68,67.9501
69,70.14464
58,59.19077
63,60.81116
55,54.41789
57,55.934578
66,64.92616
64,63.852215
61,61.452168
58,58.10746
78,77.42359
63,62.89275
84,82.52083
73,71.85353
51,51.94976
66,66.53154
73,74.235275
64,63.06662
63,63.561367
65,64.60133
71,70.783455
57,55.87623
66,65.181274
62,61.354687
66,65.63569
68,68.163765
62,61.240673
82,81.61029
55,54.399113
56,57.16522
62,62.417435
62,61.134796
56,56.64242
84,83.27386
55,55.58007
68,67.705284
73,71.87717
59,56.242966
73,71.99466
65,64.59206
82,80.70505
66,65.08832
65,65.173836
56,55.275238
73,72.74521
52,51.92911
67,66.711
63,62.79766
73,73.192474
69,68.24697
73,72.19882
69,69.039185
55,54.73478
61,59.646935
65,63.318207
74,73.92139
67,66.4242
66,65.32302
64,62.622345
65,64.514114
65,64.631676
70,69.29143
61,61.70944
68,66.92132
60,58.90089
81,79.50932
55,52.72779
63,62.573353
73,72.26746
72,71.45092
69,68.16287
53,53.208706
69,68.877975
69,68.597664
63,62.520157
69,68.83291
60,60.08119
63,61.489155
60,58.80796
81,79.86326
74,73.72987
78,77.96514
74,73.25793
72,71.47295
64,63.729897
58,58.533127
79,78.08669
76,75.592804
63,62.71496
67,66.19052
63,62.731102
69,68.700554
59,56.825382
59,58.28214
61,60.42444
62,61.839962
67,66.607475
66,66.52036
67,66.56383
67,66.27318
68,67.350266
64,63.712917
58,58.649796
64,63.307224
65,64.2445
62,61.56892
72,69.48321
65,65.05605
71,69.84215
64,64.833626
58,58.562756
68,67.70976
70,69.74964
69,68.63461
79,78.34382
63,63.434902
58,57.62032
67,66.56415
68,68.2998
65,64.00526
61,60.316868
59,59.615807
72,71.28991
73,72.34016
61,59.605564
69,68.000534
69,68.70868
49,49.265667
70,70.05207
67,65.555626
63,61.911602
64,63.870872
61,60.846355
65,64.643295
86,83.73694
60,59.161865
73,72.35174
84,83.73609
60,58.048145
60,59.290417
75,74.85873
70,69.764145
68,68.283745
63,62.772926
51,51.867428
73,73.054565
65,65.482994
64,63.862274
55,55.199123
62,62.024845
64,63.84023
57,56.52296
58,58.286118
75,74.87327
69,68.87987
72,70.94056
65,64.77232
66,65.25892
60,59.52017
65,64.74295
69,68.37012
73,72.36889
71,70.75362
64,63.251198
74,73.49385
67,66.36725
73,72.78429
65,66.448166
60,59.260223
59,58.655663
64,63.692436
64,63.486565
70,69.31605
64,64.11805
69,69.52036
65,65.39272
70,69.99904
59,59.1803
72,71.311745
69,67.02483
64,63.86704
70,69.89248
75,74.860054
63,62.653393
69,68.70751
57,56.39524
57,56.1305
65,64.33848
66,63.725643
75,74.47538
64,63.23137
63,62.301178
68,66.84616
73,72.57829
57,56.077652
79,80.557495
78,77.29647
64,63.51574
70,69.339195
67,66.62696
67,67.02889
53,54.26523
64,63.019882
69,68.79443
64,63.2582
68,67.95232
61,61.424835
85,85.47447
65,65.09341
66,65.70441
54,53.209114
68,68.02774
68,67.3386
68,67.32851
76,75.11948
62,61.686096
69,68.68304
68,68.05502
68,68.16698
64,63.76658
64,64.402016
60,58.829414
65,64.901924
60,59.925636
70,69.6725
72,70.70402
62,61.50825
67,66.04241
71,69.87571
58,57.296165
65,64.31355
70,70.34192
58,57.778534
62,61.530197
74,72.78963
61,61.228855
65,63.76411
66,65.04666
54,53.140926
61,60.56684
63,61.546158
68,67.697205
65,64.08154
67,66.20522
53,52.76371
58,58.39826
75,74.76958
56,55.497864
68,68.36118
60,59.51447
65,64.73496
63,62.78791
59,58.94422
68,67.95758
70,69.77793
67,66.80775
55,54.99705
60,58.988495
63,62.846985
65,64.28453
63,63.10935
62,61.977795
74,73.48805
72,71.72072
69,68.91974
67,66.64441
68,67.62686
69,68.22092
63,62.67515
68,67.55436
64,63.834625
67,66.549515
77,76.48981
68,67.50229
67,65.92745
57,55.344116
75,74.59376
84,83.51755
65,64.55979
71,70.700066
82,82.59302
70,70.21848
60,58.67366
61,61.2968
73,72.570175
61,61.890182
67,66.17895
69,68.85993
64,64.01546
54,54.16038
75,74.31429
66,66.08312
64,64.458626
73,71.63901
71,70.76557
64,63.562683
70,69.52067
71,70.6693
59,58.231533
64,63.594486
67,66.4298
68,66.79472
67,67.20127
67,66.8981
80,79.27583
67,67.020805
68,67.667725
61,60.262917
67,68.896805
63,62.6857
66,65.130394
70,69.756546
65,64.61528
68,68.465645
67,66.92703
68,66.72928
60,57.618324
61,60.126568
75,74.42356
67,66.24187
64,62.883656
66,66.30983
71,71.06392
71,70.767334
63,62.471714
69,68.345764
62,62.153618
59,58.801804
66,65.993645
67,66.2208
64,64.645874
54,53.917942
72,70.40113
74,72.42141
70,69.56872
64,63.746887
64,63.518208
71,70.05135
65,64.56815
73,73.410614
68,67.75078
58,57.70859
63,63.02707
69,69.18947
61,60.14688
65,64.445045
67,65.76286
60,59.112854
62,61.45654
62,61.49159
67,66.55866
66,65.28816
60,59.399555
66,65.18486
64,63.635696
59,58.75432
65,63.549465
72,69.73698
67,66.42861
58,56.183205
73,71.90268
74,73.15066
64,62.648968
57,56.42288
70,68.14232
70,69.6267
53,53.00977
52,52.92849
73,72.62003
65,64.691025
62,61.800037
58,57.829987
64,63.985146
67,66.99459
64,63.43186
57,56.23985
61,60.642834
75,75.65899
79,78.162025
78,78.02028
69,68.98977
72,71.094055
54,53.58505
59,58.19979
66,65.9782
64,63.627037
66,66.13984
69,66.96052
59,58.82904
71,70.78627
81,81.10283
52,51.745667
75,74.40681
71,69.91736
66,65.34832
69,69.40939
60,59.409866
58,57.761696
75,74.101585
53,53.191696
63,62.744938
72,71.62778
72,72.848785
58,58.831703
71,70.52107
56,55.348373
69,69.63801
70,67.51737
64,63.749214
69,68.645515
54,51.55435
61,60.362644
66,65.015114
74,73.25071
56,55.3293
73,72.248245
67,66.69522
54,53.380547
67,67.8255
77,75.14945
71,70.237175
66,65.27769
66,64.765236
73,73.38936
58,58.108253
52,51.54814
70,69.136024
70,69.896126
67,66.28744
76,76.13924
71,70.46381
67,66.695496
73,72.87216
63,62.88208
72,71.8389
66,66.37935
57,56.53293
52,50.633068
79,77.49633
64,64.52039
72,71.98694
63,63.02711
70,69.233795
60,60.973484
81,80.51516
68,68.67157
72,72.17843
74,72.285675
54,53.97605
68,67.38564
67,66.54886
54,55.034393
62,61.378677
70,69.29428
57,56.287144
69,68.684044
70,69.506905
62,61.678673
75,74.86695
71,70.793396
83,82.196724
67,66.36675
58,56.351803
63,63.286945
66,64.829834
62,62.0968
82,81.53783
71,70.05585
60,60.439358
62,61.348328
66,65.26748
64,64.22117
70,67.15299
65,64.365135
73,72.09326
84,83.2064
71,70.9288
68,68.106445
70,69.183266
63,62.73658
80,80.879135
60,59.50154
64,63.919533
66,65.977745
66,66.03763
67,66.41475
67,65.3451
74,74.16339
66,64.083015
68,66.54605
64,63.059597
68,67.682755
56,54.852333
70,69.72015
59,58.428425
63,66.44731
70,69.993835
61,60.81091
57,56.449768
59,58.551373
68,66.99905
66,65.43165
54,53.424416
73,72.21206
74,74.00421
57,57.410458
86,85.40906
69,68.157776
67,65.858604
61,60.26795
68,66.93089
72,70.58794
63,62.09727
63,62.821583
54,53.92112
72,70.869026
72,71.30291
63,63.482414
66,66.04025
69,67.362015
61,61.328472
72,71.4139
66,66.18854
72,71.55047
70,69.984795
64,63.94929
58,58.176327
61,60.846333
60,60.102688
70,70.1588
68,68.01745
67,67.07502
74,73.53186
69,69.458046
59,59.108353
58,57.672585
65,64.36573
71,70.153824
59,57.794647
65,64.68373
71,71.38083
61,61.181656
73,71.46639
59,57.728493
67,66.4778
63,63.65881
68,68.92387
59,58.018394
53,52.99711
60,58.84527
72,70.94681
69,68.92188
67,66.5379
50,48.50428
68,68.05965
61,60.79062
60,58.686264
69,69.204605
65,64.071815
69,68.892586
73,72.63961
54,52.831062
58,58.634117
71,70.50644
86,84.070274
65,63.96359
71,70.46119
78,77.824196
71,70.66576
75,74.63741
72,70.68058
68,67.66
71,70.24383
63,63.197914
62,61.00209
71,69.75688
63,61.91379
66,65.98841
59,59.972843
69,68.259476
61,60.95574
69,68.91345
57,57.068348
61,58.70688
71,69.45974
62,61.66876
51,50.619965
67,66.647484
65,63.689972
75,74.51828
60,59.124153
65,64.950676
67,66.308365
54,54.113865
77,76.8867
71,70.81684
69,68.68894
72,71.06628
71,69.78839
52,52.25633
71,70.227234
69,68.587524
72,71.89138
72,72.05807
55,54.190002
73,73.17984
68,67.86137
70,68.05281
57,55.200867
82,80.93803
50,48.822063
60,57.994473
64,63.585854
70,70.430565
60,59.406895
63,62.87074
62,61.84317
61,60.245155
53,54.025314
56,56.262527
67,66.8743
75,74.50785
73,72.80749
72,71.83694
64,63.78665
65,65.08118
64,63.595787
63,62.39201
68,67.52876
60,60.37086
60,59.706955
65,64.966965
66,65.85997
58,58.44502
61,60.345863
80,79.96965
68,66.79203
59,58.374283
64,62.41534
69,69.11026
64,64.06402
62,61.89312
69,67.51593
66,66.07801
76,75.82016
63,62.74532
56,55.718452
73,72.84779
76,75.810585
68,68.19961
65,65.334816
62,61.574398
64,64.34145
70,69.49646
54,53.362892
66,65.325714
66,65.55789
64,63.962452
70,69.44751
73,72.88285
73,71.61221
68,67.952156
64,62.846794
60,59.046482
71,68.42627
78,77.31271
62,61.102764
60,59.115257
53,52.669617
66,66.08933
64,63.92468
56,55.727516
65,65.17914
59,59.167408
61,60.706867
78,76.818306
66,64.71177
67,66.77283
66,65.754654
65,64.26024
64,63.15034
74,73.975334
73,72.53203
51,50.891388
69,68.50537
58,58.201633
82,78.81455
66,65.52981
73,72.18949
62,60.853382
73,73.638466
64,63.90589
64,63.126644
65,65.213936
61,60.704433
76,75.705185
67,66.52635
64,63.514812
58,57.14548
70,70.69117
58,58.529396
67,67.23393
64,63.742313
68,67.74731
74,73.72556
81,78.148636
75,74.573906
75,74.27248
62,62.15801
68,67.64224
76,74.70992
78,77.50297
67,66.837364
63,62.689804
76,75.398865
74,72.74533
54,53.388065
48,48.948704
62,61.21846
66,65.442055
73,72.385124
57,55.144188
68,68.453575
72,71.31913
69,68.50838
63,62.638947
52,52.664265
63,62.397804
68,67.54849
58,57.813103
65,64.17166
58,55.865208
69,68.388084
76,75.486885
67,67.16481
60,58.90433
67,66.52661
66,64.719086
69,68.96218
68,67.31805
58,58.30488
55,54.725384
54,54.092346
67,67.19314
56,55.5365
65,64.97914
72,70.77393
76,75.73268
70,70.56706
66,65.23481
54,52.05331
61,59.940414
58,56.818745
67,66.46495
66,67.09615
61,61.05757
53,52.946484
64,63.926315
63,62.63374
60,60.96697
79,78.193405
58,58.327618
67,66.17483
64,63.715588
69,68.96286
59,58.089012
71,70.52383
54,53.751324
73,72.5754
70,69.08875
71,70.94297
63,62.459927
60,59.231174
49,49.927483
67,66.19287
62,61.964878
72,71.36808
63,61.527576
61,59.532677
69,68.827545
61,59.98674
61,60.32347
69,68.716835
66,65.85835
72,70.3887
76,75.38615
60,58.616077
61,61.55044
60,58.93218
62,62.695854
55,54.59976
74,73.468506
63,62.045704
74,73.83992
66,65.55806
74,73.26569
65,63.984146
66,65.37433
70,69.47867
75,74.967064
61,60.51483
61,61.34243
60,59.253014
60,59.268154
72,70.813576
60,59.143112
62,61.945625
74,73.17383
76,75.432465
64,63.612034
63,62.77258
69,68.28705
67,66.44867
48,48.971046
68,67.56288
70,69.30972
61,60.81539
68,67.66319
57,56.408955
65,66.16124
58,57.89915
59,57.927288
73,72.954384
63,62.89666
71,71.32198
68,69.037254
61,60.308132
69,69.23298
68,66.929306
75,74.49371
47,50.139908
60,59.807186
59,59.747852
63,63.197166
65,64.56808
68,68.325325
66,65.24352
81,79.61663
56,55.681393
57,57.949562
63,63.101063
48,48.918976
58,57.866722
60,60.161232
68,67.05343
63,63.095417
69,68.07977
72,71.88621
52,53.095413
70,69.258156
64,63.048634
73,71.89906
59,59.918823
80,77.89175
75,75.28935
56,55.693115
62,62.014603
65,64.54556
68,68.17675
55,54.937515
66,65.40937
70,69.584076
51,50.870834
72,71.74836
68,67.38194
70,68.548485
54,54.12877
60,58.47272
56,55.16771
67,66.18885
85,83.34452
60,59.186546
66,64.44272
64,63.44737
60,59.739334
63,62.468773
68,67.75486
55,54.99393
70,69.45066
64,64.55515
60,59.596024
72,71.292854
69,68.89165
53,53.15841
67,66.15464
60,60.58859
70,67.80566
61,59.906666
66,65.42828
69,68.577095
65,63.695465
75,74.2117
56,55.683964
65,64.67607
60,60.542007
75,74.91116
62,61.646183
67,66.48226
53,53.24219
78,77.96504
68,68.16448
70,69.44035
75,74.81068
68,67.07899
74,74.07604
59,58.699867
57,57.255733
63,62.749706
60,59.39193
70,67.78646
76,75.69907
64,63.981094
71,70.72291
64,63.532627
74,73.81073
55,55.65074
76,75.90222
59,60.30267
85,83.33695
72,71.455154
55,55.24203
67,67.05295
71,71.3533
66,65.66973
57,56.62768
58,58.598316
65,63.8316
70,69.57994
70,71.231606
52,52.18013
66,65.96649
61,60.57267
62,61.750744
58,57.538185
60,59.297134
69,67.85556
78,77.63771
69,67.97426
61,61.945263
71,71.12102
71,70.242516
66,67.22597
64,64.049446
67,66.6417
76,75.67694
70,70.673416
67,65.754074
62,61.74186
52,51.53406
67,66.74078
74,73.70789
72,70.607574
58,57.97354
71,70.391716
59,59.017075
83,82.49329
63,62.910778
69,67.97679
64,64.30937
72,71.04189
63,62.74816
69,68.44026
64,65.0924
66,64.97552
66,65.2792
63,62.57447
58,58.919155
62,62.18774
63,62.627407
74,73.48143
63,61.37882
71,71.13389
67,67.14155
76,75.34633
66,65.845375
69,67.94872
61,61.388626
63,62.59982
65,64.86999
67,66.79756
65,64.50889
63,62.81793
77,76.36768
67,66.68321
67,66.230705
79,78.15196
52,51.778053
75,74.246704
59,58.20452
61,61.323776
67,66.80117
69,68.51831
59,59.10048
70,69.2513
60,57.91364
53,54.54712
65,64.61167
63,62.742386
65,64.59411
62,61.68752
60,59.143223
64,63.828144
59,58.34968
53,53.207657
69,68.40016
63,61.726795
65,65.50792
66,65.82442
70,69.87295
62,61.37086
85,83.64223
68,68.04888
67,66.81484
79,78.26676
77,76.52821
80,79.175186
65,64.37268
74,73.66096
68,67.91947
60,59.21308
62,61.077663
66,65.267365
67,67.809235
60,58.027893
59,58.635986
52,51.885387
72,72.080765
66,65.785355
62,61.641228
71,71.6069
70,70.814354
63,62.8448
57,56.37579
65,64.850044
61,61.85552
63,62.878788
52,53.08587
66,65.61574
68,67.509384
69,69.10611
62,60.06718
70,67.96106
61,60.88671
60,60.573166
62,61.186985
54,52.699203
66,65.46349
65,64.45391
66,65.21306
64,63.74925
60,59.502693
65,65.10808
66,65.4661
71,69.568085
76,75.042404
70,69.152176
68,67.55951
70,69.81733
50,49.034298
57,56.679836
